id,web_name,team_name,position,price,total_points,predicted_points,predicted_value,form,minutes,goals_per_90,assists_per_90,next_fixture_opponent,next_fixture_difficulty,avg_fixture_difficulty_5
266,Eze,Arsenal,MID,7.6,61,12.279139593362014,1.6156762622844756,9.0,790,0.4556962025316455,0.3417721518987341,Chelsea,3,2.8
727,Chukwueze,Fulham,MID,5.3,11,11.485123461251504,2.167004426651227,1.5,103,0.0,1.7475728155339805,Spurs,3,2.8
385,Chiesa,Liverpool,MID,6.4,20,10.850451488982797,1.6953830451535619,0.5,139,1.2949640287769784,0.6474820143884892,West Ham,2,2.6
457,Casemiro,Man Utd,MID,5.5,47,10.568944309103713,1.921626238018857,8.0,617,0.4376012965964344,0.2917341977309562,Crystal Palace,3,2.6
55,Barkley,Aston Villa,MID,4.8,14,10.476816293087053,2.182670061059803,3.0,102,0.8823529411764706,0.8823529411764706,Wolves,2,2.8
128,Onyeka,Brentford,MID,4.9,12,9.808679346779545,2.0017712952611317,0.2,88,0.0,2.0454545454545454,Burnley,2,2.8
123,Carvalho,Brentford,MID,4.8,13,9.6929860590376,2.0193720956328334,0.2,100,0.9,0.0,Burnley,2,2.8
20,Trossard,Arsenal,MID,6.9,52,9.397630349214658,1.3619754129296606,7.5,719,0.3755215577190542,0.3755215577190542,Chelsea,3,2.8
723,Canvot,Crystal Palace,DEF,4.5,12,8.951652036571913,1.9892560081270918,3.0,98,0.0,0.0,Man Utd,3,3.0
671,Wilson,West Ham,FWD,5.8,34,8.933542884159513,1.540266014510261,7.0,416,0.8653846153846154,0.0,Liverpool,4,3.4
21,Rice,Arsenal,MID,6.9,71,8.91282554477244,1.2917138470684695,7.0,983,0.1831129196337741,0.4577822990844354,Chelsea,3,2.8
257,Lacroix,Crystal Palace,DEF,5.0,67,8.778841547076924,1.7557683094153849,7.2,1080,0.0,0.1666666666666666,Man Utd,3,3.0
256,Muñoz,Crystal Palace,DEF,5.9,74,8.715878900485263,1.4772676102517395,7.0,1080,0.1666666666666666,0.25,Man Utd,3,3.0
180,Tzimas,Brighton,FWD,5.3,10,8.63886418147748,1.6299743738636756,0.8,84,0.0,1.0714285714285714,Nott'm Forest,3,2.8
236,Neto,Chelsea,MID,7.1,60,8.56630976058881,1.2065225014913818,7.0,919,0.3917301414581066,0.1958650707290533,Arsenal,4,3.4
488,Bruno G.,Newcastle,MID,6.6,60,8.444978966794844,1.2795422676961885,7.0,985,0.2741116751269035,0.365482233502538,Everton,3,2.8
160,Minteh,Brighton,MID,6.1,61,8.413868384827094,1.3793226860372285,7.0,1037,0.0867888138862102,0.6075216972034716,Nott'm Forest,3,2.8
693,Hutchinson,Nott'm Forest,MID,5.4,17,8.13450213100147,1.5063892835187906,3.2,157,0.0,1.7197452229299364,Brighton,3,2.8
730,Brobbey,Sunderland,FWD,5.5,14,8.07553916671375,1.468279848493409,2.8,132,0.6818181818181818,0.6818181818181818,Bournemouth,3,3.4
100,Kroupi.Jr,Bournemouth,FWD,4.6,32,7.488635334103495,1.6279642030659771,2.8,336,1.0714285714285714,0.0,Sunderland,3,2.6
575,Van de Ven,Spurs,DEF,4.8,58,7.384729069610729,1.5384852228355685,6.5,1069,0.2525724976613657,0.0,Fulham,2,3.2
515,Gibbs-White,Nott'm Forest,MID,7.3,48,7.339041556292421,1.005348158396222,7.0,996,0.2710843373493976,0.0903614457831325,Brighton,3,2.8
365,Nmecha,Leeds,FWD,5.0,31,7.326583356881151,1.4653166713762302,5.7,342,0.7894736842105263,0.0,Man City,4,3.4
487,Barnes,Newcastle,MID,6.3,39,7.249997605575141,1.1507932707262127,6.5,548,0.4927007299270073,0.0,Everton,3,2.8
417,Cherki,Man City,MID,6.4,27,7.041390770059113,1.1002173078217363,4.8,289,0.3114186851211072,0.9342560553633218,Leeds,2,2.4
584,Tel,Spurs,MID,6.3,23,6.997109726536263,1.1106523375454387,1.8,246,0.7317073170731707,0.0,Fulham,2,3.2
613,Souček,West Ham,MID,5.7,27,6.916929503794875,1.2134964041745393,6.3,460,0.391304347826087,0.1956521739130435,Liverpool,4,3.4
258,Mitchell,Crystal Palace,DEF,5.0,61,6.9106698435128795,1.382133968702576,6.2,1080,0.0833333333333333,0.0,Man Utd,3,3.0
163,Hinshelwood,Brighton,MID,5.1,11,6.835758736089236,1.3403448502135757,1.8,127,0.7086614173228346,0.0,Nott'm Forest,3,2.8
162,Gruda,Brighton,MID,5.4,19,6.624829085633695,1.2268202010432767,0.0,219,0.410958904109589,0.410958904109589,Nott'm Forest,3,2.8
328,Sessegnon,Fulham,MID,5.4,50,6.606413145018766,1.2234098416701418,6.2,926,0.1943844492440604,0.1943844492440604,Spurs,3,2.8
32,Martinez,Aston Villa,GKP,5.0,43,6.591753807015703,1.3183507614031407,6.5,900,0.0,0.0,Wolves,2,2.8
50,Buendía,Aston Villa,MID,5.3,40,6.559016982602554,1.2375503740759535,4.0,480,0.5625,0.375,Wolves,2,2.8
238,Estêvão,Chelsea,MID,6.5,29,6.503634660522867,1.0005591785419796,1.5,337,0.2670623145400593,0.8011869436201781,Arsenal,4,3.4
410,Lewis,Man City,DEF,4.8,15,6.487533650435815,1.3515695105074617,0.0,172,0.0,0.5232558139534884,Leeds,2,2.4
411,O’Reilly,Man City,DEF,5.0,52,6.434457812541729,1.286891562508346,5.2,773,0.1164294954721862,0.2328589909443725,Leeds,2,2.4
453,Garnacho,Chelsea,MID,6.4,24,6.430078529203527,1.0046997701880511,5.0,342,0.2631578947368421,0.5263157894736842,Arsenal,4,3.4
16,Saka,Arsenal,MID,10.1,49,6.381623473770864,0.6318439082941449,5.5,771,0.3501945525291828,0.0,Chelsea,3,2.8
178,Welbeck,Brighton,FWD,6.6,53,6.302729082680091,0.9549589519212259,5.5,799,0.7884856070087609,0.0,Nott'm Forest,3,2.8
36,Cash,Aston Villa,DEF,4.6,54,6.2835668563260665,1.365992794853493,5.8,1056,0.1704545454545454,0.0,Wolves,2,2.8
430,Haaland,Man City,FWD,14.9,104,6.272466504057072,0.4209709063125552,5.2,1034,1.218568665377176,0.0870406189555125,Leeds,2,2.4
119,Mbeumo,Man Utd,MID,8.6,60,6.268849318643715,0.728935967284153,6.0,955,0.4712041884816754,0.094240837696335,Crystal Palace,3,2.6
82,Semenyo,Bournemouth,MID,8.0,75,6.205541526776959,0.7756926908471199,1.2,990,0.5454545454545454,0.3636363636363636,Sunderland,3,2.6
126,Jensen,Brentford,MID,4.9,22,6.179645060442821,1.261152053151596,1.0,224,0.8035714285714286,0.0,Burnley,2,2.8
215,Flemming,Burnley,FWD,5.3,27,6.019697505338716,1.1357919821393803,5.2,414,0.6521739130434783,0.0,Brentford,3,3.2
517,Anderson,Nott'm Forest,MID,5.3,50,6.017250103629805,1.1353302082320387,6.0,1080,0.0833333333333333,0.1666666666666666,Brighton,3,2.8
452,Amad,Man Utd,MID,6.3,37,5.978146947745019,0.9489122139277808,5.0,753,0.1195219123505976,0.3585657370517928,Crystal Palace,3,2.6
418,Doku,Man City,MID,6.5,46,5.95826821296032,0.9166566481477415,4.0,692,0.130057803468208,0.5202312138728323,Leeds,2,2.4
237,Enzo,Chelsea,MID,6.7,59,5.929004475898429,0.88492604117887,4.5,970,0.3711340206185567,0.1855670103092783,Arsenal,4,3.4
249,João Pedro,Chelsea,FWD,7.5,60,5.90228662517563,0.7869715500234172,4.8,1004,0.3585657370517928,0.2689243027888446,Arsenal,4,3.4
261,Richards,Crystal Palace,DEF,4.6,58,5.899816142772387,1.2825687266896495,5.5,1072,0.0,0.0,Man Utd,3,3.0
84,Tavernier,Bournemouth,MID,5.5,54,5.8662122902506955,1.0665840527728536,5.5,946,0.2854122621564482,0.095137420718816,Sunderland,3,2.6
53,Malen,Aston Villa,MID,5.1,36,5.834524359811837,1.144024384276831,3.0,377,0.7161803713527851,0.2387267904509283,Wolves,2,2.8
83,O.Dango,Brentford,MID,6.0,44,5.826373257846328,0.9710622096410546,5.5,704,0.2556818181818182,0.3835227272727273,Burnley,2,2.8
253,Henderson,Crystal Palace,GKP,5.0,51,5.816040715309553,1.1632081430619106,5.8,1080,0.0,0.0,Man Utd,3,3.0
10,Lewis-Skelly,Arsenal,DEF,5.1,7,5.807547327415274,1.1387347700814263,0.8,87,0.0,0.0,Chelsea,3,2.8
233,Acheampong,Chelsea,DEF,3.9,27,5.804922424331585,1.488441647264509,0.5,348,0.2586206896551724,0.0,Arsenal,4,3.4
597,Richarlison,Spurs,FWD,6.4,51,5.730068819477954,0.8953232530434303,4.5,721,0.624133148404993,0.2496532593619972,Fulham,2,3.2
531,Ballard,Sunderland,DEF,4.6,50,5.662484560974285,1.2309749045596272,4.2,669,0.2690582959641255,0.1345291479820627,Bournemouth,3,3.4
19,Martinelli,Arsenal,MID,6.8,16,5.619739050274585,0.8264322132756744,0.2,214,0.4205607476635514,0.0,Chelsea,3,2.8
228,Gusto,Chelsea,DEF,4.9,40,5.592302382473227,1.1412862005047402,5.5,572,0.1573426573426573,0.1573426573426573,Arsenal,4,3.4
413,Marmoush,Man City,MID,8.3,13,5.567304801550323,0.6707596146446172,1.0,181,0.0,0.4972375690607735,Leeds,2,2.4
11,White,Arsenal,DEF,5.3,6,5.564336644196936,1.0498748385277237,0.0,70,0.0,0.0,Chelsea,3,2.8
8,J.Timber,Arsenal,DEF,6.3,72,5.547222280833032,0.8805114731481003,4.5,971,0.1853759011328527,0.2780638516992791,Chelsea,3,2.8
295,Keane,Everton,DEF,4.5,56,5.49476576118912,1.2210590580420266,5.0,964,0.1867219917012448,0.0,Newcastle,3,3.2
489,J.Murphy,Newcastle,MID,6.1,38,5.441970631938936,0.8921263331047437,5.0,656,0.274390243902439,0.1371951219512195,Everton,3,2.8
284,Nketiah,Crystal Palace,FWD,5.4,9,5.427404616004469,1.0050749288897165,0.5,137,0.656934306569343,0.0,Man Utd,3,3.0
407,Matheus N.,Man City,DEF,5.3,46,5.420826005673202,1.0227973595609816,4.5,783,0.1149425287356321,0.2298850574712643,Leeds,2,2.4
136,Thiago,Brentford,FWD,6.5,64,5.380765810042113,0.8278101246218635,6.0,1011,0.8011869436201781,0.0,Burnley,2,2.8
226,Chalobah,Chelsea,DEF,5.1,61,5.3752386009195865,1.0539683531214876,5.0,930,0.1935483870967742,0.0967741935483871,Arsenal,4,3.4
680,Broja,Burnley,FWD,5.2,6,5.347335554780677,1.0283337605347456,0.8,93,0.0,0.0,Brentford,3,3.2
169,Gomez,Brighton,MID,4.9,29,5.340548491515316,1.0899078554112889,5.2,607,0.2965403624382207,0.0,Nott'm Forest,3,2.8
224,Cucurella,Chelsea,DEF,6.1,55,5.3400460128103795,0.8754173791492426,5.0,986,0.0,0.1825557809330628,Arsenal,4,3.4
7,Calafiori,Arsenal,DEF,5.8,63,5.3339866785125505,0.9196528756056122,3.8,946,0.095137420718816,0.1902748414376321,Chelsea,3,2.8
716,Savona,Nott'm Forest,DEF,4.5,24,5.321863074160602,1.182636238702356,5.5,519,0.3468208092485549,0.0,Brighton,3,2.8
260,Guéhi,Crystal Palace,DEF,5.1,69,5.321557245792264,1.0434425972141694,4.8,990,0.0909090909090909,0.2727272727272727,Man Utd,3,3.0
673,J.Palhinha,Spurs,MID,5.5,58,5.316137312793787,0.9665704205079613,4.8,951,0.1892744479495268,0.1892744479495268,Fulham,2,3.2
47,Rogers,Aston Villa,MID,6.8,50,5.283168851695327,0.776936595837548,5.2,1066,0.2532833020637898,0.1688555347091932,Wolves,2,2.8
381,M.Salah,Liverpool,MID,14.2,56,5.280284755664048,0.371851039131271,5.0,1074,0.3351955307262569,0.1675977653631284,West Ham,2,2.6
241,Caicedo,Chelsea,MID,6.1,60,5.251050600196258,0.8608279672452883,3.5,945,0.2857142857142857,0.0952380952380952,Arsenal,4,3.4
337,Raúl,Fulham,FWD,6.2,31,5.228702077669072,0.8433390447853342,4.2,539,0.3339517625231911,0.3339517625231911,Spurs,3,2.8
325,Smith Rowe,Fulham,MID,5.6,17,5.214800336547021,0.931214345811968,1.0,242,0.371900826446281,0.0,Spurs,3,2.8
455,Mount,Man Utd,MID,5.9,22,5.143901857306299,0.8718477724247965,0.2,349,0.2578796561604584,0.0,Crystal Palace,3,2.6
696,Kalimuendo,Nott'm Forest,FWD,6.0,6,5.102037128146857,0.8503395213578094,0.2,66,0.0,0.0,Brighton,3,2.8
683,Alderete,Sunderland,DEF,4.1,45,5.078304056594885,1.2386107455109479,0.0,667,0.1349325337331334,0.1349325337331334,Bournemouth,3,3.4
408,Rúben,Man City,DEF,5.5,52,5.058418857775631,0.9197125195955692,4.8,995,0.0904522613065326,0.0,Leeds,2,2.4
173,Wieffer,Brighton,MID,4.9,40,5.053198266321088,1.031264952310426,5.2,729,0.0,0.3703703703703703,Nott'm Forest,3,2.8
207,Hannibal,Burnley,MID,4.8,21,5.043528408742838,1.0507350851547579,2.2,305,0.0,0.5901639344262295,Brentford,3,3.2
506,Murillo,Nott'm Forest,DEF,5.3,30,4.9901804917263854,0.9415434890049784,5.5,739,0.121786197564276,0.0,Brighton,3,2.8
17,Ødegaard,Arsenal,MID,7.8,13,4.959378577911487,0.6358177663989085,0.0,201,0.0,0.4477611940298507,Chelsea,3,2.8
390,Gravenberch,Liverpool,MID,5.6,53,4.948651360647706,0.8836877429728047,3.5,871,0.3099885189437428,0.2066590126291619,West Ham,2,2.6
317,Andersen,Fulham,DEF,4.5,49,4.936923639117045,1.0970941420260099,4.8,941,0.0,0.0,Spurs,3,2.8
645,Fer López,Wolves,MID,5.2,7,4.928628328585929,0.9478131401126786,0.0,116,0.0,0.7758620689655172,Aston Villa,3,3.2
561,Mayenda,Sunderland,FWD,5.4,17,4.928483179951786,0.9126820703614418,0.5,261,0.3448275862068966,0.0,Bournemouth,3,3.4
593,P.M.Sarr,Spurs,MID,4.8,38,4.918469649357707,1.0246811769495223,3.2,594,0.303030303030303,0.303030303030303,Fulham,2,3.2
283,Mateta,Crystal Palace,FWD,8.1,51,4.91133428677377,0.6063375662683667,3.5,1018,0.5304518664047151,0.0,Man Utd,3,3.0
694,Mukiele,Sunderland,DEF,4.2,55,4.8965015985180385,1.1658337139328663,2.8,900,0.1,0.1,Bournemouth,3,3.4
87,Christie,Bournemouth,MID,5.0,17,4.892895584042577,0.9785791168085154,1.0,271,0.3321033210332103,0.3321033210332103,Sunderland,3,2.6
668,Xhaka,Sunderland,MID,5.2,54,4.891466777228954,0.940666687928645,4.2,1080,0.0833333333333333,0.25,Bournemouth,3,3.4
714,Woltemade,Newcastle,FWD,7.4,42,4.8541777490456575,0.655969966087251,2.5,697,0.5164992826398852,0.1291248206599713,Everton,3,2.8
299,Ndiaye,Everton,MID,6.6,55,4.813073120011641,0.7292535030320668,3.5,914,0.3938730853391685,0.0984682713347921,Newcastle,3,3.2
568,Pedro Porro,Spurs,DEF,5.5,46,4.771066895409055,0.8674667082561918,3.8,875,0.0,0.2057142857142857,Fulham,2,3.2
661,Ekitiké,Liverpool,FWD,8.6,40,4.770045915957577,0.5546565018555323,1.5,665,0.4060150375939849,0.1353383458646616,West Ham,2,2.6
565,Vicario,Spurs,GKP,5.0,48,4.7439796755142725,0.9487959351028545,3.0,1080,0.0,0.0,Fulham,2,3.2
72,Senesi,Bournemouth,DEF,5.0,61,4.736407450066611,0.9472814900133223,3.2,1067,0.0,0.2530459231490159,Sunderland,3,2.6
508,N.Williams,Nott'm Forest,DEF,4.7,33,4.735264096546949,1.0075029992653082,4.2,1080,0.0833333333333333,0.0833333333333333,Brighton,3,2.8
125,Janelt,Brentford,MID,4.9,10,4.733718383600783,0.9660649762450576,1.5,155,0.0,0.0,Burnley,2,2.8
580,Johnson,Spurs,MID,6.6,29,4.716624865718162,0.7146401311694186,1.5,479,0.3757828810020877,0.0,Fulham,2,3.2
477,Livramento,Newcastle,DEF,4.9,39,4.704996394030281,0.9602033457204654,0.5,616,0.0,0.1461038961038961,Everton,3,2.8
41,Pau,Aston Villa,DEF,4.3,29,4.667566140903655,1.085480497884571,4.8,687,0.0,0.0,Wolves,2,2.8
494,Willock,Newcastle,MID,5.0,6,4.6592624117631205,0.9318524823526241,0.5,104,0.0,0.0,Everton,3,2.8
26,Zubimendi,Arsenal,MID,5.4,50,4.654870001143759,0.86201296317477,3.8,1027,0.175267770204479,0.0876338851022395,Chelsea,3,2.8
252,Marc Guiu,Chelsea,FWD,4.2,11,4.650688391841379,1.107306759962233,1.8,176,0.0,0.5113636363636364,Arsenal,4,3.4
402,Aït-Nouri,Man City,DEF,5.7,11,4.638583268892734,0.8137865384022341,0.2,203,0.0,0.0,Leeds,2,2.4
77,Hill,Bournemouth,DEF,4.0,17,4.63182461663743,1.1579561541593575,0.0,273,0.0,0.0,Sunderland,3,2.6
220,Sánchez,Chelsea,GKP,4.8,43,4.589233477163436,0.9560903077423826,4.8,994,0.0,0.0,Arsenal,4,3.4
560,Isidor,Sunderland,FWD,5.6,43,4.577971804784849,0.8174949651401517,3.2,733,0.4911323328785811,0.0,Bournemouth,3,3.4
276,Devenny,Crystal Palace,MID,4.3,10,4.535190114100786,1.0546953753722759,0.5,166,0.0,0.0,Man Utd,3,3.0
272,Lerma,Crystal Palace,MID,4.9,22,4.482137864266241,0.9147220131155592,3.5,369,0.0,0.4878048780487805,Man Utd,3,3.0
267,Sarr,Crystal Palace,MID,6.7,49,4.460272765265392,0.6657123530246853,2.8,882,0.3061224489795918,0.1020408163265306,Man Utd,3,3.0
225,James,Chelsea,DEF,5.6,47,4.417414837219556,0.7888240780749207,2.5,751,0.1198402130492676,0.3595206391478029,Arsenal,4,3.4
670,Roefs,Sunderland,GKP,4.7,59,4.415824728692149,0.9395371763174785,2.8,1080,0.0,0.0,Bournemouth,3,3.4
149,Igor,West Ham,DEF,4.5,6,4.41543825509075,0.9812085011312779,1.7,103,0.0,0.0,Liverpool,4,3.4
586,Bergvall,Spurs,MID,5.4,24,4.392913603278839,0.8135025191257109,0.5,409,0.2200488997555012,0.2200488997555012,Fulham,2,3.2
553,Talbi,Sunderland,MID,5.0,35,4.354026607343653,0.8708053214687306,2.8,613,0.1468189233278956,0.2936378466557912,Bournemouth,3,3.4
474,Schär,Newcastle,DEF,5.3,29,4.344474535247736,0.819712176461837,1.5,514,0.0,0.0,Everton,3,2.8
697,Adli,Bournemouth,MID,5.4,9,4.330206706683192,0.8018901308672578,0.8,239,0.0,0.0,Sunderland,3,2.6
205,Cullen,Burnley,MID,5.0,55,4.313864897823509,0.8627729795647017,3.8,1031,0.1745877788554801,0.08729388942774,Brentford,3,3.2
120,Schade,Brentford,MID,7.0,42,4.2989671521429855,0.6141381645918551,4.5,1010,0.2673267326732673,0.1782178217821782,Burnley,2,2.8
350,Aaronson,Leeds,MID,5.4,43,4.297536136480706,0.7958400252742047,3.7,788,0.1142131979695431,0.3426395939086294,Man City,4,3.4
58,Kamara,Aston Villa,MID,4.9,27,4.288849195763189,0.87527534607412,2.5,734,0.0,0.2452316076294278,Wolves,2,2.8
419,Grealish,Everton,MID,6.7,43,4.250176723618762,0.6343547348684719,1.5,826,0.1089588377723971,0.4358353510895884,Newcastle,3,3.2
22,Merino,Arsenal,MID,5.9,28,4.245604886843325,0.7195940486175127,3.0,500,0.18,0.36,Chelsea,3,2.8
403,Gvardiol,Man City,DEF,5.8,35,4.241061173164488,0.7312174436490497,2.8,699,0.0,0.1287553648068669,Leeds,2,2.4
232,Tosin,Chelsea,DEF,4.2,24,4.220180458257403,1.0048048710136672,3.0,467,0.0,0.0,Arsenal,4,3.4
660,Stach,Leeds,MID,4.8,44,4.214351684373256,0.8779899342444283,3.0,820,0.1097560975609756,0.3292682926829268,Man City,4,3.4
44,Bogarde,Aston Villa,DEF,4.0,17,4.210318624148035,1.0525796560370086,0.5,297,0.0,0.0,Wolves,2,2.8
302,Gana,Everton,MID,5.4,42,4.19220129193479,0.7763335725805166,4.0,949,0.1896733403582718,0.0,Newcastle,3,3.2
449,B.Fernandes,Man Utd,MID,8.9,50,4.1789690443004766,0.469547083629267,3.5,980,0.1836734693877551,0.2755102040816326,Crystal Palace,3,2.6
469,Pope,Newcastle,GKP,5.2,55,4.1642308625929685,0.8008136274217247,3.0,1066,0.0,0.0844277673545966,Everton,3,2.8
200,Anthony,Burnley,MID,5.6,51,4.152087516571522,0.7414441993877718,2.0,957,0.3761755485893417,0.0940438871473354,Brentford,3,3.2
384,Gakpo,Liverpool,MID,7.5,48,4.141438882679062,0.5521918510238749,2.0,919,0.2937976060935799,0.1958650707290533,West Ham,2,2.6
37,Digne,Aston Villa,DEF,4.5,43,4.135648981670234,0.9190331070378297,4.2,862,0.0,0.3132250580046403,Wolves,2,2.8
67,Petrović,Bournemouth,GKP,4.5,41,4.108584680030193,0.9130188177844872,3.0,1080,0.0,0.0,Sunderland,3,2.6
121,Damsgaard,Brentford,MID,5.8,35,4.104005731785776,0.7075871951354786,3.2,794,0.1133501259445843,0.1133501259445843,Burnley,2,2.8
708,M.Fernandes,West Ham,MID,5.5,32,4.098820339305962,0.7452400616919931,4.0,715,0.1258741258741259,0.1258741258741259,Liverpool,4,3.4
387,Szoboszlai,Liverpool,MID,6.6,46,4.098430653825366,0.6209743414886918,3.8,1080,0.0833333333333333,0.0833333333333333,West Ham,2,2.6
304,Iroegbunam,Everton,MID,4.9,18,4.08971186696731,0.8346350748912876,1.5,337,0.0,0.5341246290801187,Newcastle,3,3.2
74,Truffert,Bournemouth,DEF,4.5,45,4.081005651652407,0.906890144811646,3.0,1052,0.0,0.085551330798479,Sunderland,3,2.6
600,Areola,West Ham,GKP,4.3,24,4.074517800712481,0.9475622792354608,4.7,720,0.0,0.125,Liverpool,4,3.4
88,Cook,Bournemouth,MID,4.9,9,4.071050044419781,0.8308265396775063,1.8,169,0.0,0.0,Sunderland,3,2.6
367,Mamardashvili,Liverpool,GKP,4.3,19,4.065699343625934,0.9455114752618452,4.0,450,0.0,0.0,West Ham,2,2.6
621,Irving,West Ham,MID,4.4,8,4.0574661724264205,0.9221514028241864,0.0,149,0.0,0.0,Liverpool,4,3.4
374,Konaté,Liverpool,DEF,5.4,39,4.033416657987936,0.7469290107385066,3.0,976,0.0,0.0,West Ham,2,2.6
85,Adams,Bournemouth,MID,5.0,39,4.027329862836111,0.8054659725672222,4.5,1032,0.0872093023255814,0.0872093023255814,Sunderland,3,2.6
318,Bassey,Fulham,DEF,4.5,37,4.026710804151033,0.894824623144674,4.5,998,0.0,0.0,Spurs,3,2.8
1,Raya,Arsenal,GKP,5.9,55,4.025928890860459,0.6823608289593998,3.8,1080,0.0,0.0,Chelsea,3,2.8
676,Ugochukwu,Burnley,MID,5.0,34,4.005360688740469,0.8010721377480937,2.8,659,0.2731411229135053,0.1365705614567526,Brentford,3,3.2
458,Mainoo,Man Utd,MID,4.7,7,4.003701609473624,0.8518514062709838,0.2,138,0.0,0.0,Crystal Palace,3,2.6
582,Kudus,Spurs,MID,6.5,47,3.9966298189423264,0.6148661259911271,1.5,952,0.0945378151260504,0.4726890756302521,Fulham,2,3.2
698,Okafor,Leeds,MID,5.5,31,3.980070812768732,0.723649238685224,2.0,594,0.303030303030303,0.1515151515151515,Man City,4,3.4
322,Tete,Fulham,DEF,4.5,32,3.9750120804495173,0.8833360178776705,4.2,810,0.0,0.0,Spurs,3,2.8
151,Van Hecke,Brighton,DEF,4.4,42,3.9678363652786777,0.9017809921087903,4.0,1080,0.0833333333333333,0.0,Nott'm Forest,3,2.8
6,Saliba,Arsenal,DEF,6.0,41,3.96634789578024,0.66105798263004,2.5,814,0.0,0.0,Chelsea,3,2.8
59,Onana,Aston Villa,MID,4.8,24,3.9490335543183,0.8227153238163125,3.2,485,0.1855670103092783,0.0,Wolves,2,2.8
182,Trafford,Man City,GKP,4.6,11,3.94815408582467,0.858294366483624,0.0,270,0.0,0.0,Leeds,2,2.4
139,Verbruggen,Brighton,GKP,4.4,33,3.947889584914736,0.8972476329351673,5.0,1080,0.0,0.0,Nott'm Forest,3,2.8
497,L.Miley,Newcastle,MID,4.4,14,3.9442950088310793,0.8964306838252453,0.8,273,0.0,0.3296703296703296,Everton,3,2.8
405,Aké,Man City,DEF,5.3,10,3.9357496634564444,0.7425942761238574,0.0,201,0.0,0.0,Leeds,2,2.4
38,Konsa,Aston Villa,DEF,4.4,35,3.935123710329541,0.8943462978021683,4.2,965,0.0,0.0,Wolves,2,2.8
438,Mazraoui,Man Utd,DEF,4.9,10,3.9274023278164125,0.8015106791462066,0.2,200,0.0,0.0,Crystal Palace,3,2.6
456,Sancho,Aston Villa,MID,5.8,5,3.9025976325321055,0.6728616607813975,1.0,109,0.0,0.0,Wolves,2,2.8
373,Virgil,Liverpool,DEF,6.0,44,3.8996412625599777,0.649940210426663,3.0,1080,0.0,0.0,West Ham,2,2.6
522,Yates,Nott'm Forest,MID,4.7,12,3.879647872185262,0.8254569940819706,2.0,244,0.0,0.3688524590163934,Brighton,3,2.8
466,Zirkzee,Man Utd,FWD,5.8,4,3.8775013343635347,0.6685347128212991,0.2,82,0.0,0.0,Crystal Palace,3,2.6
414,Foden,Man City,MID,8.0,33,3.868230524963836,0.4835288156204795,2.5,797,0.1129234629861982,0.1129234629861982,Leeds,2,2.4
609,Todibo,West Ham,DEF,4.3,12,3.8659425240010084,0.8990564009304671,3.3,576,0.0,0.15625,Liverpool,4,3.4
648,Munetsi,Wolves,MID,5.4,37,3.855317284159408,0.7139476452147051,3.5,867,0.1038062283737024,0.2076124567474048,Aston Villa,3,3.2
585,Bentancur,Spurs,MID,5.3,36,3.845913384689577,0.7256440348470901,2.5,720,0.125,0.125,Fulham,2,3.2
475,Botman,Newcastle,DEF,4.9,32,3.8188169403655086,0.7793503959929609,1.2,655,0.0,0.0,Everton,3,2.8
450,Cunha,Man Utd,MID,7.9,26,3.8179947330297246,0.48329047253540813,3.8,683,0.1317715959004392,0.0,Crystal Palace,3,2.6
543,Adingra,Sunderland,MID,5.0,15,3.8097618953639856,0.7619523790727971,0.5,298,0.0,0.3020134228187919,Bournemouth,3,3.4
662,Mosquera,Arsenal,DEF,5.4,15,3.7936255052169225,0.7025232417068374,0.8,296,0.0,0.0,Chelsea,3,2.8
423,N.Gonzalez,Man City,MID,5.9,30,3.7923606351923755,0.6427729890156568,3.5,734,0.1226158038147139,0.0,Leeds,2,2.4
329,Wilson,Fulham,MID,5.2,36,3.7865438085176026,0.7281815016380004,3.2,742,0.2425876010781671,0.1212938005390835,Spurs,3,2.8
217,Foster,Burnley,FWD,5.0,29,3.7799948351678148,0.755998967033563,2.0,596,0.3020134228187919,0.1510067114093959,Brentford,3,3.2
473,Hall,Newcastle,DEF,5.2,11,3.7755855952268345,0.7260741529282374,0.5,222,0.0,0.0,Everton,3,2.8
682,Møller Wolfe,Wolves,DEF,4.3,9,3.7608719760594687,0.8746213897812718,0.5,236,0.0,0.3813559322033898,Aston Villa,3,3.2
666,Gyökeres,Arsenal,FWD,8.8,37,3.7466421752638372,0.4257547926436178,2.2,801,0.449438202247191,0.0,Chelsea,3,2.8
273,Wharton,Crystal Palace,MID,5.0,32,3.734145121482707,0.7468290242965414,2.8,786,0.0,0.2290076335877862,Man Utd,3,3.0
314,Leno,Fulham,GKP,5.0,39,3.733226953636175,0.746645390727235,4.0,1080,0.0,0.0,Spurs,3,2.8
271,Kamada,Crystal Palace,MID,5.0,35,3.726498922107217,0.7452997844214434,3.2,838,0.0,0.2147971360381861,Man Utd,3,3.0
624,Bowen,West Ham,FWD,7.6,50,3.7244253086386756,0.49005596166298365,2.7,1080,0.25,0.0833333333333333,Liverpool,4,3.4
242,Dewsbury-Hall,Everton,MID,4.9,35,3.721288131636812,0.7594465574769004,3.2,885,0.1016949152542373,0.2033898305084746,Newcastle,3,3.2
90,Scott,Bournemouth,MID,5.0,37,3.713765204191687,0.7427530408383374,2.8,772,0.116580310880829,0.116580310880829,Sunderland,3,2.6
436,De Ligt,Man Utd,DEF,5.0,39,3.6948849787647147,0.738976995752943,2.8,990,0.0909090909090909,0.0,Crystal Palace,3,2.6
108,Ajer,Brentford,DEF,4.4,23,3.69202734143701,0.8390971230538659,2.2,467,0.0,0.3854389721627409,Burnley,2,2.8
659,Walker-Peters,West Ham,DEF,4.3,21,3.687108949041843,0.8574671974515915,2.7,510,0.1764705882352941,0.0,Liverpool,4,3.4
588,Odobert,Spurs,MID,5.3,21,3.661579054984095,0.6908639726385085,2.5,441,0.0,0.2040816326530612,Fulham,2,3.2
230,Fofana,Chelsea,DEF,4.4,15,3.6422311202099333,0.827779800047712,3.0,307,0.0,0.0,Arsenal,4,3.4
721,Milosavljević,Bournemouth,DEF,4.5,13,3.6228452252632155,0.805076716725159,2.0,275,0.0,0.0,Sunderland,3,2.6
493,Longstaff,Leeds,MID,4.9,40,3.620807061494297,0.7389402166314891,1.3,877,0.1026225769669327,0.2052451539338654,Man City,4,3.4
547,E.Le Fée,Sunderland,MID,4.9,36,3.608043273047152,0.7363353618463575,2.8,781,0.115236875800256,0.115236875800256,Bournemouth,3,3.4
348,Rodon,Leeds,DEF,4.1,49,3.6064683597789298,0.8796264292143732,1.7,1080,0.1666666666666666,0.0,Man City,4,3.4
591,Gray,Spurs,MID,4.8,4,3.580079335372334,0.7458498615359029,0.0,71,0.0,0.0,Fulham,2,3.2
25,Nwaneri,Arsenal,MID,5.1,8,3.57832678124198,0.7016327022043098,0.5,165,0.0,0.0,Chelsea,3,2.8
427,Reijnders,Man City,MID,5.4,35,3.570359455649897,0.6611776769722031,0.8,770,0.1168831168831168,0.2337662337662337,Leeds,2,2.4
406,Khusanov,Man City,DEF,5.4,11,3.557537772353908,0.6588032911766496,0.0,227,0.0,0.0,Leeds,2,2.4
239,Gittens,Chelsea,MID,6.1,15,3.5335806642469976,0.5792755187290161,2.2,338,0.0,0.2662721893491124,Arsenal,4,3.4
712,Yeremy,Crystal Palace,MID,5.8,23,3.490236208934054,0.6017648636093197,3.2,609,0.1477832512315271,0.0,Man Utd,3,3.0
491,Tonali,Newcastle,MID,5.4,36,3.4852684552373483,0.6454200843032126,2.8,959,0.0,0.0938477580813347,Everton,3,2.8
736,Donnarumma,Man City,GKP,5.7,32,3.4812252601723004,0.6107412737144386,2.8,810,0.0,0.0,Leeds,2,2.4
324,Iwobi,Fulham,MID,6.5,43,3.462835336808195,0.5327438979704916,2.2,987,0.0911854103343465,0.182370820668693,Spurs,3,2.8
210,Tchaouna,Burnley,MID,4.9,24,3.459314222703503,0.7059824944292863,1.2,510,0.1764705882352941,0.1764705882352941,Brentford,3,3.2
526,Igor Jesus,Nott'm Forest,FWD,5.8,16,3.4500597005701827,0.5948378794086522,2.2,411,0.0,0.218978102189781,Brighton,3,2.8
291,Tarkowski,Everton,DEF,5.4,43,3.4479205490472684,0.6385038053791238,2.0,990,0.0,0.0,Newcastle,3,3.2
735,Traoré,Sunderland,MID,5.5,16,3.403084481900275,0.6187426330727773,3.0,421,0.0,0.2137767220902612,Bournemouth,3,3.4
303,Garner,Everton,MID,5.0,42,3.4007819125601446,0.6801563825120289,1.5,990,0.0909090909090909,0.0909090909090909,Newcastle,3,3.2
326,Adama,Fulham,MID,5.2,11,3.388291028692545,0.6515944285947202,1.0,242,0.0,0.0,Spurs,3,2.8
287,Pickford,Everton,GKP,5.5,42,3.375199955494529,0.6136727191808234,2.5,990,0.0,0.0,Newcastle,3,3.2
416,Bernardo,Man City,MID,6.3,26,3.360760814781449,0.533454097584357,2.5,716,0.0,0.2513966480446927,Leeds,2,2.4
569,Romero,Spurs,DEF,5.0,35,3.3533456369451,0.67066912738902,0.8,837,0.0,0.1075268817204301,Fulham,2,3.2
386,Mac Allister,Liverpool,MID,6.3,27,3.3528155089261826,0.5321929379247909,2.5,727,0.0,0.2475928473177441,West Ham,2,2.6
706,Justin,Leeds,DEF,3.9,4,3.351739370076944,0.8594203513017805,0.3,77,0.0,0.0,Man City,4,3.4
459,Ugarte,Man Utd,MID,4.8,13,3.3278051590219047,0.6932927414628969,0.5,299,0.0,0.0,Crystal Palace,3,2.6
73,Smith,Bournemouth,DEF,4.4,10,3.3238852355441715,0.7554284626236752,0.5,217,0.0,0.0,Sunderland,3,2.6
478,Trippier,Newcastle,DEF,5.0,30,3.317007140081591,0.6634014280163182,0.5,699,0.0,0.0,Everton,3,2.8
129,Yarmoliuk,Brentford,MID,5.0,35,3.306078379722674,0.6612156759445348,2.2,947,0.0,0.0950369588173178,Burnley,2,2.8
321,J.Cuenca,Fulham,DEF,4.4,7,3.2856844136669148,0.7467464576515714,0.0,168,0.0,0.0,Spurs,3,2.8
415,Savinho,Man City,MID,6.9,17,3.2549325071535,0.471729348862826,1.0,402,0.0,0.2238805970149253,Leeds,2,2.4
642,Hee Chan,Wolves,MID,5.7,17,3.250547624167629,0.5702715130118647,1.0,390,0.2307692307692307,0.0,Aston Villa,3,3.2
521,Sangaré,Nott'm Forest,MID,4.9,21,3.226060226403247,0.6583796380414789,2.2,590,0.1525423728813559,0.0,Brighton,3,2.8
684,Thiaw,Newcastle,DEF,4.9,30,3.2225203642740334,0.6576572171987823,2.5,722,0.0,0.0,Everton,3,2.8
615,Summerville,West Ham,MID,5.5,23,3.2210977569372923,0.5856541376249622,2.3,639,0.0,0.4225352112676056,Liverpool,4,3.4
389,Elliott,Aston Villa,MID,5.4,4,3.2143151726939365,0.5952435504988771,0.0,97,0.0,0.0,Wolves,2,2.8
638,Hoever,Wolves,DEF,3.9,5,3.1807382729480413,0.8155739161405234,0.5,249,0.0,0.0,Aston Villa,3,3.2
330,Berge,Fulham,MID,4.9,30,3.169908136692593,0.6469200278964475,3.0,1048,0.0,0.0858778625954198,Spurs,3,2.8
113,Van den Berg,Brentford,DEF,4.5,37,3.166722919104834,0.7037162042455187,2.8,1080,0.0,0.0,Burnley,2,2.8
372,Robertson,Liverpool,DEF,5.8,12,3.162468415323837,0.545253175055834,2.5,313,0.0,0.0,West Ham,2,2.6
352,Harrison,Leeds,MID,5.1,11,3.1617057859831204,0.6199423109770824,0.7,261,0.0,0.0,Man City,4,3.4
166,Ayari,Brighton,MID,4.9,33,3.157766762809217,0.6444421964916769,2.8,961,0.0936524453694068,0.0,Nott'm Forest,3,2.8
107,Lewis-Potter,Brentford,DEF,4.9,21,3.1447331802828806,0.6417822816903838,0.2,471,0.0,0.1910828025477707,Burnley,2,2.8
362,Piroe,Leeds,FWD,5.0,7,3.142725663226957,0.6285451326453914,0.7,188,0.0,0.0,Man City,4,3.4
691,Calvert-Lewin,Leeds,FWD,5.5,26,3.1420836649519948,0.5712879390821809,1.3,633,0.1421800947867298,0.1421800947867298,Man City,4,3.4
331,Cairney,Fulham,MID,4.9,8,3.1270737621389237,0.6381783188038619,0.5,196,0.0,0.0,Spurs,3,2.8
192,Hartman,Burnley,DEF,4.0,37,3.1165508505832227,0.7791377126458057,2.5,1067,0.0,0.3373945641986879,Brentford,3,3.2
516,Hudson-Odoi,Nott'm Forest,MID,5.7,23,3.1160046536280723,0.5466674830926442,1.0,571,0.1576182136602451,0.0,Brighton,3,2.8
353,James,Leeds,MID,5.3,12,3.1050257734304627,0.5858539195151816,1.0,303,0.0,0.0,Man City,4,3.4
619,L.Guilherme,West Ham,MID,4.9,4,3.0859083708971826,0.6297772185504454,0.3,99,0.0,0.0,Liverpool,4,3.4
603,Diouf,West Ham,DEF,4.3,34,3.0565576081706602,0.7108273507373629,2.0,1035,0.0,0.3478260869565217,Liverpool,4,3.4
570,Danso,Spurs,DEF,4.3,12,3.0440007057091463,0.7079071408625922,2.2,302,0.0,0.0,Fulham,2,3.2
685,Diakité,Bournemouth,DEF,4.5,30,3.042963553506271,0.6762141230013935,0.2,765,0.0,0.0,Sunderland,3,2.6
157,Mitoma,Brighton,MID,6.1,20,3.025762361854237,0.49602661669741593,0.0,508,0.1771653543307086,0.1771653543307086,Nott'm Forest,3,2.8
486,Elanga,Newcastle,MID,6.6,17,3.0111420381946794,0.45623364215070905,1.0,416,0.0,0.0,Everton,3,2.8
532,Hume,Sunderland,DEF,4.5,42,3.0079860517532047,0.6684413448340455,1.2,1067,0.0,0.0843486410496719,Bournemouth,3,3.4
246,Andrey Santos,Chelsea,MID,4.5,12,2.9914053677210903,0.6647567483824646,1.5,317,0.0,0.0,Arsenal,4,3.4
198,Tuanzebe,Burnley,DEF,3.9,17,2.987122742364845,0.7659289082986782,2.0,540,0.0,0.0,Brentford,3,3.2
424,Bobb,Man City,MID,5.3,18,2.981962199076745,0.5626343771842915,0.5,464,0.0,0.1939655172413793,Leeds,2,2.4
158,Georginio,Brighton,MID,5.7,32,2.9800267217691765,0.5228117055735397,2.2,766,0.0,0.3524804177545692,Nott'm Forest,3,2.8
146,Dunk,Brighton,DEF,4.5,30,2.9337000450481243,0.6519333433440276,3.2,1035,0.0,0.0869565217391304,Nott'm Forest,3,2.8
243,George,Chelsea,MID,4.9,4,2.9254209718229993,0.5970246881271427,0.2,142,0.0,0.0,Arsenal,4,3.4
490,Joelinton,Newcastle,MID,5.9,24,2.909198933532624,0.4930845650055295,2.5,739,0.0,0.0,Everton,3,2.8
145,De Cuyper,Brighton,DEF,4.3,17,2.9026171767686098,0.6750272504113046,0.5,456,0.1973684210526315,0.0,Nott'm Forest,3,2.8
354,Ampadu,Leeds,MID,4.9,28,2.897204064635919,0.5912661356399834,2.3,877,0.0,0.0,Man City,4,3.4
250,Delap,Chelsea,FWD,6.2,8,2.8861317311139922,0.46550511792161164,1.0,220,0.0,0.0,Arsenal,4,3.4
722,Florentino,Burnley,MID,5.0,30,2.881734758032739,0.5763469516065478,2.5,740,0.0,0.1216216216216216,Brentford,3,3.2
502,Sels,Nott'm Forest,GKP,4.7,30,2.881402273629988,0.6130643135382953,3.2,1080,0.0,0.0,Brighton,3,2.8
148,F.Kadıoğlu,Brighton,DEF,4.4,24,2.880235525012426,0.6545989829573695,3.2,824,0.0,0.0,Nott'm Forest,3,2.8
190,Ekdal,Burnley,DEF,4.0,20,2.8791673229589816,0.7197918307397454,0.2,533,0.0,0.0,Brentford,3,3.2
292,Mykolenko,Everton,DEF,4.9,17,2.8781519793796635,0.5873779549754415,2.2,715,0.0,0.0,Newcastle,3,3.2
733,Lammens,Man Utd,GKP,5.0,16,2.8696911589067473,0.5739382317813495,1.0,450,0.0,0.0,Crystal Palace,3,2.6
358,Tanaka,Leeds,MID,4.8,15,2.8688799382664327,0.5976833204721735,1.3,367,0.0,0.0,Man City,4,3.4
636,S.Bueno,Wolves,DEF,4.4,25,2.8648901363580443,0.6511113946268282,1.8,664,0.1355421686746988,0.1355421686746988,Aston Villa,3,3.2
64,Watkins,Aston Villa,FWD,8.5,29,2.8647235911220688,0.3370263048378904,2.0,933,0.0964630225080385,0.0,Wolves,2,2.8
623,Potts,West Ham,MID,4.4,12,2.8626259520463306,0.6505968072832569,2.7,372,0.0,0.0,Liverpool,4,3.4
720,Tolu,Wolves,FWD,5.5,10,2.853154461708369,0.5187553566742489,0.8,273,0.0,0.0,Aston Villa,3,3.2
669,Ndoye,Nott'm Forest,MID,5.6,35,2.8520721216309854,0.5092985931483903,2.8,840,0.1071428571428571,0.2142857142857142,Brighton,3,2.8
499,Isak,Liverpool,FWD,10.4,12,2.851747060743981,0.2742064481484597,0.5,317,0.0,0.2839116719242902,West Ham,2,2.6
33,M.Bizot,Aston Villa,GKP,4.3,7,2.8422487517224484,0.6609880817959183,0.0,180,0.0,0.0,Wolves,2,2.8
97,Evanilson,Bournemouth,FWD,7.0,30,2.8318133075227827,0.4045447582175404,2.0,811,0.1109741060419235,0.2219482120838471,Sunderland,3,2.6
610,Wan-Bissaka,West Ham,DEF,4.3,16,2.827097708249936,0.6574645833139385,4.0,651,0.0,0.1382488479262673,Liverpool,4,3.4
654,Strand Larsen,Wolves,FWD,6.3,23,2.8167882534320214,0.44710924657651135,3.0,797,0.1129234629861982,0.0,Aston Villa,3,3.2
505,Milenković,Nott'm Forest,DEF,5.2,27,2.8097775863491083,0.5403418435286746,3.5,1080,0.0,0.0,Brighton,3,2.8
39,Maatsen,Aston Villa,DEF,4.2,7,2.8040887185373187,0.6676401710803139,0.8,214,0.0,0.0,Wolves,2,2.8
335,King,Fulham,MID,4.5,22,2.7803548632512554,0.6178566362780568,2.0,722,0.0,0.0,Spurs,3,2.8
371,Kerkez,Liverpool,DEF,5.7,22,2.779968688619924,0.4877138050210393,2.0,761,0.1182654402102496,0.0,West Ham,2,2.6
443,Shaw,Man Utd,DEF,4.5,28,2.7661203671516192,0.614693414922582,2.8,933,0.0,0.0964630225080385,Crystal Palace,3,2.6
86,Brooks,Bournemouth,MID,5.0,22,2.7655409412881427,0.5531081882576285,1.0,609,0.0,0.1477832512315271,Sunderland,3,2.6
18,Madueke,Arsenal,MID,6.8,11,2.759478252255639,0.40580562533171166,0.2,316,0.0,0.0,Chelsea,3,2.8
440,Dalot,Man Utd,DEF,4.4,22,2.7586397554361484,0.6269635807809427,0.5,592,0.0,0.304054054054054,Crystal Palace,3,2.6
663,J.Arias,Wolves,MID,5.1,20,2.75857098372093,0.5408962713178294,1.0,560,0.0,0.0,Aston Villa,3,3.2
725,Hincapie,Arsenal,DEF,5.4,4,2.7549013613436033,0.5101669187673339,1.0,113,0.0,0.0,Chelsea,3,2.8
366,A.Becker,Liverpool,GKP,5.4,22,2.753879745281603,0.5099777306077042,0.5,630,0.0,0.0,West Ham,2,2.6
717,Xavi,Spurs,MID,6.6,21,2.748917236110227,0.4165026115318526,2.2,575,0.0,0.1565217391304348,Fulham,2,3.2
731,Kevin,Fulham,MID,5.9,13,2.748858008502529,0.46590813703432693,2.2,377,0.0,0.0,Spurs,3,2.8
388,C.Jones,Liverpool,MID,5.4,15,2.733077839098302,0.5061255257589448,1.0,415,0.0,0.216867469879518,West Ham,2,2.6
470,Dúbravka,Burnley,GKP,4.0,37,2.721900066822101,0.6804750167055252,2.0,1080,0.0,0.0,Brentford,3,3.2
510,Jair Cunha,Nott'm Forest,DEF,4.3,3,2.709126062608637,0.6300293168857295,0.0,90,0.0,0.0,Brighton,3,2.8
606,Mavropanos,West Ham,DEF,4.4,17,2.6970987241450817,0.6129769827602458,0.0,495,0.0,0.0,Liverpool,4,3.4
54,McGinn,Aston Villa,MID,5.4,31,2.6906400957587575,0.4982666843997699,2.0,904,0.0995575221238938,0.0,Wolves,2,2.8
191,Estève,Burnley,DEF,3.9,31,2.6818409410357646,0.6876515233425038,2.0,1072,0.0,0.0,Brentford,3,3.2
311,Beto,Everton,FWD,5.1,21,2.6765700030930626,0.5248176476653065,1.0,606,0.1485148514851485,0.0,Newcastle,3,3.2
444,Yoro,Man Utd,DEF,4.4,23,2.676148634521681,0.6082155987549275,0.5,638,0.0,0.1410658307210031,Crystal Palace,3,2.6
124,Henderson,Brentford,MID,5.0,31,2.6634174507083084,0.5326834901416617,1.8,919,0.0,0.1958650707290533,Burnley,2,2.8
202,Bruun Larsen,Burnley,MID,5.3,17,2.6612326778081097,0.5021193731713415,1.2,425,0.0,0.2117647058823529,Brentford,3,3.2
409,Stones,Man City,DEF,5.4,11,2.6548888159855415,0.49164607703435953,0.5,324,0.0,0.0,Leeds,2,2.4
643,André,Wolves,MID,5.3,29,2.6545185991548195,0.5008525658782679,2.0,793,0.0,0.0,Aston Villa,3,3.2
110,Kayode,Brentford,DEF,4.5,35,2.6456126528012636,0.5879139228447252,1.8,1042,0.0,0.0863723608445297,Burnley,2,2.8
646,Gomes,Wolves,MID,5.3,27,2.6440971325279676,0.49888625142037124,1.8,925,0.0,0.0,Aston Villa,3,3.2
551,Rigg,Sunderland,MID,4.8,8,2.639531298458341,0.5499023538454877,0.2,186,0.0,0.0,Bournemouth,3,3.4
724,Geertruida,Sunderland,DEF,4.5,12,2.63533596898114,0.5856302153291423,1.8,427,0.0,0.0,Bournemouth,3,3.4
293,O'Brien,Everton,DEF,4.9,28,2.6122697776875086,0.533116281160716,1.0,868,0.0,0.0,Newcastle,3,3.2
116,Hickey,Brentford,DEF,4.0,9,2.608983646593504,0.652245911648376,0.8,263,0.0,0.0,Burnley,2,2.8
644,Bellegarde,Wolves,MID,5.2,14,2.6026366025716126,0.5005070389560793,1.5,498,0.0,0.0,Aston Villa,3,3.2
301,Alcaraz,Everton,MID,5.2,8,2.6003979038575724,0.50007651997261,0.2,242,0.0,0.0,Newcastle,3,3.2
618,G.Rodriguez,West Ham,MID,4.8,3,2.5876538260411306,0.5390945470919022,0.0,89,0.0,0.0,Liverpool,4,3.4
48,Tielemans,Aston Villa,MID,5.9,14,2.5875919125287603,0.4385749004286034,1.5,417,0.0,0.2158273381294964,Wolves,2,2.8
106,Collins,Brentford,DEF,4.9,33,2.582129392961808,0.5269651822371036,1.5,1080,0.0,0.0,Burnley,2,2.8
707,Dibling,Everton,MID,5.4,3,2.5812372824972956,0.4780069041661658,0.0,62,0.0,0.0,Newcastle,3,3.2
665,Perri,Leeds,GKP,4.5,18,2.5679763919351513,0.5706614204300337,1.7,630,0.0,0.0,Man City,4,3.4
426,McAtee,Nott'm Forest,MID,5.1,4,2.558464411529333,0.5016596885351634,0.0,126,0.0,0.0,Brighton,3,2.8
356,Gruev,Leeds,MID,4.8,7,2.558315864294099,0.5329824717279373,0.0,211,0.0,0.0,Man City,4,3.4
573,Spence,Spurs,DEF,4.5,31,2.556946385138747,0.5682103078086105,2.2,835,0.0,0.0,Fulham,2,3.2
677,Guessand,Aston Villa,MID,6.2,14,2.5521060490382554,0.411630007909396,0.8,420,0.0,0.0,Wolves,2,2.8
270,Hughes,Crystal Palace,MID,4.8,15,2.5484139850422567,0.5309195802171368,1.0,447,0.0,0.0,Man Utd,3,3.0
713,A.Jimenez,Bournemouth,DEF,4.5,9,2.547544717048503,0.5661210482330007,1.8,454,0.0,0.0,Sunderland,3,2.6
552,Sadiki,Sunderland,MID,5.0,28,2.5443131347381565,0.5088626269476313,2.8,1073,0.0,0.0,Bournemouth,3,3.4
718,S.Magassa,West Ham,MID,5.0,6,2.523388434787892,0.5046776869575784,0.3,189,0.0,0.0,Liverpool,4,3.4
726,Kolo Muani,Spurs,FWD,6.9,7,2.5092642981047226,0.3636614924789453,1.5,213,0.0,0.0,Fulham,2,3.2
109,Henry,Brentford,DEF,4.3,6,2.4704617539805493,0.5745259892978022,0.5,189,0.0,0.0,Burnley,2,2.8
343,Struijk,Leeds,DEF,4.4,25,2.4194856522355916,0.5498831027808162,0.3,818,0.0,0.0,Man City,4,3.4
197,Sonne,Burnley,DEF,3.9,3,2.3973276285158196,0.6146993919271333,0.0,102,0.0,0.0,Brentford,3,3.2
310,Barry,Everton,FWD,5.7,12,2.3685858142319938,0.4155413709178936,0.8,380,0.0,0.0,Newcastle,3,3.2
709,Krejčí,Wolves,DEF,4.5,18,2.34450661590305,0.5210014702006778,1.8,794,0.1133501259445843,0.1133501259445843,Aston Villa,3,3.2
519,Dominguez,Nott'm Forest,MID,5.0,5,2.33762831285475,0.46752566257095,1.2,170,0.0,0.0,Brighton,3,2.8
351,Gnonto,Leeds,MID,5.2,6,2.313008004641178,0.444809231661765,0.0,201,0.0,0.0,Man City,4,3.4
187,Walker,Burnley,DEF,4.4,29,2.312028534889346,0.5254610306566695,1.0,1080,0.0,0.0833333333333333,Brentford,3,3.2
52,J.Ramsey,Newcastle,MID,5.3,5,2.2770360447557216,0.42962944240673995,0.5,190,0.0,0.0,Everton,3,2.8
347,Gudmundsson,Leeds,DEF,4.0,28,2.269058959244535,0.5672647398111338,1.0,1001,0.0,0.0,Man City,4,3.4
695,Tchatchoua,Wolves,DEF,4.5,15,2.257458806835709,0.5016575126301576,1.2,607,0.0,0.0,Aston Villa,3,3.2
319,Castagne,Fulham,DEF,4.4,11,2.2463558118093547,0.5105354117748533,0.5,398,0.0,0.0,Spurs,3,2.8
633,H.Bueno,Wolves,DEF,4.4,22,2.2394857022777797,0.5089740232449499,1.0,794,0.0,0.0,Aston Villa,3,3.2
574,Udogie,Spurs,DEF,4.4,12,2.222869350885921,0.5051975797468001,1.2,431,0.0,0.2088167053364269,Fulham,2,3.2
101,Kelleher,Brentford,GKP,4.5,34,2.2184460065598013,0.49298800145773364,1.8,1080,0.0,0.0,Burnley,2,2.8
627,Johnstone,Wolves,GKP,4.5,16,2.2140081942571115,0.4920018209460248,1.8,720,0.0,0.0,Aston Villa,3,3.2
167,Baleba,Brighton,MID,4.7,17,2.203058323598788,0.46873581353165705,1.5,689,0.0,0.0,Nott'm Forest,3,2.8
625,Füllkrug,West Ham,FWD,5.6,11,2.155888842255831,0.38498015040282696,0.3,395,0.0,0.0,Liverpool,4,3.4
209,Laurent,Burnley,MID,4.9,16,2.121082406663668,0.43287396054360566,1.0,563,0.0,0.0,Brentford,3,3.2
485,Gordon,Newcastle,MID,7.3,12,2.1129278078036835,0.2894421654525594,0.8,461,0.0,0.0,Everton,3,2.8
614,Ward-Prowse,West Ham,MID,5.6,11,2.1008603124559277,0.3751536272242728,0.0,414,0.0,0.0,Liverpool,4,3.4
441,Dorgu,Man Utd,DEF,4.2,16,2.0955128055679673,0.4989316203733255,1.2,622,0.0,0.1446945337620578,Crystal Palace,3,2.6
342,Bogle,Leeds,DEF,4.5,28,2.0728448073042776,0.4606321794009506,0.7,1048,0.0,0.0858778625954198,Man City,4,3.4
679,Hermansen,West Ham,GKP,4.3,9,2.0640840856990232,0.4800195548137264,0.0,360,0.0,0.0,Liverpool,4,3.4
605,Kilman,West Ham,DEF,4.3,23,2.031124697800013,0.472354580883724,2.0,1080,0.0,0.0,Liverpool,4,3.4
541,Reinildo,Sunderland,DEF,4.0,19,1.9641453306796552,0.4910363326699138,1.2,752,0.0,0.0,Bournemouth,3,3.4
344,Bijol,Leeds,DEF,3.9,6,1.9352801839395313,0.4962256881896234,0.7,261,0.0,0.0,Man City,4,3.4
152,Veltman,Brighton,DEF,4.3,8,1.8931592132513282,0.4402695844770531,0.2,340,0.0,0.0,Nott'm Forest,3,2.8
631,Agbadou,Wolves,DEF,4.3,14,1.8293812888113532,0.4254375090258961,0.0,650,0.0,0.0,Aston Villa,3,3.2
341,Darlow,Leeds,GKP,4.0,10,1.7314944194410227,0.43287360486025567,0.0,450,0.0,0.0,Man City,4,3.4
111,Pinnock,Brentford,DEF,4.3,0,1.7254904267057931,0.4012768434199519,0.0,155,0.0,0.0,Burnley,2,2.8
628,José Sá,Wolves,GKP,4.3,5,1.6795120879181697,0.3905842064925976,0.0,360,0.0,0.0,Aston Villa,3,3.2
431,Bayindir,Man Utd,GKP,4.8,11,1.6675591068569644,0.3474081472618676,0.0,540,0.0,0.0,Crystal Palace,3,2.6
320,Diop,Fulham,DEF,4.4,4,1.5645050025715044,0.355569318766251,0.2,223,0.0,0.0,Spurs,3,2.8
511,Morato,Nott'm Forest,DEF,4.3,8,1.4812256265193022,0.3444710759347215,0.2,438,0.0,0.0,Brighton,3,2.8
637,Toti,Wolves,DEF,4.3,9,1.4412884124326888,0.3351833517285323,1.0,615,0.0,0.0,Aston Villa,3,3.2
221,Jörgensen,Chelsea,GKP,4.3,1,1.0829369014953463,0.25184579104542937,0.0,84,0.0,0.0,Arsenal,4,3.4
672,Hato,Chelsea,DEF,4.7,3,1.0651679124498057,0.2266314707340012,0.0,166,0.0,0.0,Arsenal,4,3.4
678,Masuaku,Sunderland,DEF,3.9,1,0.9719667493544091,0.24922224342420746,0.0,125,0.0,0.0,Bournemouth,3,3.4
634,Mosquera,Wolves,DEF,4.3,1,0.6154668864162078,0.1431318340502809,-0.8,182,0.0,0.0,Aston Villa,3,3.2
229,B.Badiashile,Chelsea,DEF,4.4,0,0.36849867223146837,0.08374969823442463,0.0,110,0.0,0.0,Arsenal,4,3.4
