id_x,prenom,nom,poste,prix,points,minutes_jouees,buts,passes,clean_sheets,jaunes,rouges,bonus,influence,creativity,threat,forme,id_y,equipe,point_par_million,prochain_adversaire,domicile,fixture_difficulty
430,Erling,Haaland,4,14.9,102,944,14,1,6,0,0,23,526.0,65.0,649.0,8.0,13,Man City,6.845637583892617,Newcastle,False,2
5,Gabriel,dos Santos Magalhães,2,6.6,81,990,1,2,7,1,0,13,318.6,62.6,88.0,8.5,1,Arsenal,12.272727272727272,Spurs,True,1
82,Antoine,Semenyo,3,8.1,75,990,6,4,4,2,0,9,336.6,162.2,297.0,2.2,4,Bournemouth,9.25925925925926,West Ham,True,2
8,Jurriën,Timber,2,6.1,67,881,2,2,6,2,0,7,238.0,179.1,216.0,4.8,1,Arsenal,10.98360655737705,Spurs,True,1
21,Declan,Rice,3,6.9,65,893,2,4,6,0,0,10,273.4,318.0,99.0,6.2,1,Arsenal,9.420289855072465,Spurs,True,1
260,Marc,Guéhi,2,5.1,64,900,1,3,4,0,0,5,244.0,88.1,103.0,4.5,8,Crystal Palace,12.54901960784314,Wolves,False,3
7,Riccardo,Calafiori,2,5.8,61,856,1,2,7,3,0,3,150.0,89.3,181.0,4.8,1,Arsenal,10.517241379310343,Spurs,True,1
241,Moisés,Caicedo Corozo,3,6.1,60,945,3,1,4,2,0,9,306.2,132.8,59.0,3.8,7,Chelsea,9.836065573770492,Burnley,False,3
256,Daniel,Muñoz Mejía,2,5.7,60,990,1,3,5,3,0,2,229.8,111.1,173.0,6.0,8,Crystal Palace,10.526315789473683,Wolves,False,3
119,Bryan,Mbeumo,3,8.5,60,955,5,1,2,0,0,8,271.4,350.9,333.0,8.2,14,Man Utd,7.0588235294117645,Everton,True,3
136,Igor Thiago,Nascimento Rodrigues,4,6.3,60,921,8,0,2,3,0,9,343.4,93.5,363.0,7.0,5,Brentford,9.523809523809524,Brighton,False,3
249,João Pedro,Junqueira de Jesus,4,7.5,59,929,4,3,5,0,0,12,275.4,211.2,282.0,5.0,7,Chelsea,7.866666666666666,Burnley,False,3
72,Marcos,Senesi Barón,2,5.0,58,977,0,2,4,3,0,6,350.0,91.3,31.0,3.0,4,Bournemouth,11.6,West Ham,True,2
575,Micky,van de Ven,2,4.8,58,979,3,0,4,2,0,5,253.4,33.9,120.0,6.5,18,Spurs,12.083333333333334,Arsenal,False,3
295,Michael,Keane,2,4.5,56,964,2,0,3,0,0,4,293.4,20.2,105.0,5.2,9,Everton,12.444444444444445,Man Utd,False,4
257,Maxence,Lacroix,2,5.0,56,990,0,1,5,1,0,2,234.8,31.7,58.0,4.8,8,Crystal Palace,11.2,Wolves,False,3
670,Robin,Roefs,1,4.7,56,990,0,0,4,1,0,6,323.8,20.0,0.0,3.8,17,Sunderland,11.914893617021276,Fulham,False,4
226,Trevoh,Chalobah,2,5.1,55,840,2,1,5,2,1,2,254.8,52.0,85.0,5.0,7,Chelsea,10.784313725490197,Burnley,False,3
258,Tyrick,Mitchell,2,5.0,55,990,1,0,5,2,0,5,238.0,160.7,81.0,5.0,8,Crystal Palace,11.0,Wolves,False,3
299,Iliman,Ndiaye,3,6.6,55,914,4,1,3,2,0,3,278.8,193.3,202.0,4.5,9,Everton,8.333333333333334,Man Utd,False,4
381,Mohamed,Salah,3,14.2,54,984,4,2,3,1,0,4,229.8,300.3,308.0,5.0,12,Liverpool,3.802816901408451,Nott'm Forest,True,2
1,David,Raya Martín,1,5.9,53,990,0,0,7,1,0,3,159.8,10.2,0.0,4.8,1,Arsenal,8.983050847457626,Spurs,True,1
205,Josh,Cullen,3,5.0,53,941,2,1,3,1,0,8,273.6,150.3,77.0,4.0,3,Burnley,10.6,Chelsea,True,4
469,Nick,Pope,1,5.2,52,976,0,1,5,1,0,3,284.6,0.0,0.0,2.8,15,Newcastle,10.0,Man City,True,2
36,Matty,Cash,2,4.6,52,966,2,0,4,3,0,5,233.6,139.2,57.0,5.8,2,Aston Villa,11.304347826086955,Leeds,False,3
236,Pedro,Lomba Neto,3,7.1,52,829,3,2,5,0,0,5,216.2,270.4,171.0,8.0,7,Chelsea,7.323943661971831,Burnley,False,3
261,Chris,Richards,2,4.5,52,990,0,0,5,0,0,0,262.2,49.3,42.0,4.8,8,Crystal Palace,11.555555555555555,Wolves,False,3
390,Ryan,Gravenberch,3,5.6,52,781,3,2,3,2,0,10,229.0,126.8,65.0,3.8,12,Liverpool,9.285714285714286,Nott'm Forest,True,2
668,Granit,Xhaka,3,5.1,52,990,1,3,4,4,0,4,300.4,244.6,37.0,5.0,17,Sunderland,10.19607843137255,Fulham,False,4
694,Nordi,Mukiele,2,4.2,51,810,1,1,3,1,0,5,234.2,74.9,61.0,6.0,17,Sunderland,12.142857142857142,Fulham,False,4
673,João Maria,Lobo Alves Palhares Costa Palhinha Gonçalves,3,5.5,51,861,2,1,3,3,0,8,241.2,50.0,91.0,5.2,18,Spurs,9.272727272727272,Arsenal,False,3
411,Nico,O'Reilly,2,4.9,51,683,1,2,5,2,0,2,208.8,129.8,79.0,7.8,13,Man City,10.408163265306122,Newcastle,False,2
488,Bruno,Guimarães Rodriguez Moura,3,6.6,50,895,3,2,4,3,0,6,221.0,232.2,107.0,5.0,15,Newcastle,7.575757575757576,Man City,True,2
160,Yankuba,Minteh,3,6.0,50,949,1,5,3,0,0,3,193.0,245.8,248.0,4.8,6,Brighton,8.333333333333334,Brentford,True,3
449,Bruno,Borges Fernandes,3,8.9,50,980,2,3,1,2,0,8,313.0,413.3,194.0,5.5,14,Man Utd,5.617977528089887,Everton,True,3
283,Jean-Philippe,Mateta,4,8.1,50,959,6,0,6,2,0,6,271.8,67.5,413.0,7.5,8,Crystal Palace,6.172839506172839,Wolves,False,3
531,Daniel,Ballard,2,4.6,49,579,2,1,2,0,0,5,253.0,55.1,175.0,6.5,17,Sunderland,10.652173913043478,Fulham,False,4
224,Marc,Cucurella Saseta,2,6.1,49,896,0,2,5,2,0,5,202.0,211.7,72.0,5.5,7,Chelsea,8.032786885245901,Burnley,False,3
200,Jaidon,Anthony,3,5.6,49,886,4,1,3,3,0,5,235.6,159.7,204.0,2.0,3,Burnley,8.75,Chelsea,True,4
237,Enzo,Fernández,3,6.7,48,880,3,2,4,2,0,3,233.0,263.8,271.0,1.8,7,Chelsea,7.164179104477612,Burnley,False,3
476,Dan,Burn,2,5.2,48,972,0,1,5,3,1,4,177.2,48.6,43.0,1.2,15,Newcastle,9.23076923076923,Man City,True,2
26,Martín,Zubimendi Ibáñez,3,5.4,48,937,2,1,7,2,0,4,214.6,168.9,73.0,4.0,1,Arsenal,8.888888888888888,Spurs,True,1
84,Marcus,Tavernier,3,5.5,47,856,2,1,5,0,0,6,180.6,225.7,149.0,5.0,4,Bournemouth,8.545454545454545,West Ham,True,2
328,Ryan,Sessegnon,3,5.4,47,836,2,2,2,0,0,5,201.8,89.1,100.0,6.0,10,Fulham,8.703703703703702,Sunderland,True,3
457,Carlos Henrique,Casimiro,3,5.5,47,617,3,2,3,3,1,5,207.8,96.5,95.0,8.0,14,Man Utd,8.545454545454545,Everton,True,3
565,Guglielmo,Vicario,1,5.0,47,990,0,0,4,0,0,5,286.8,0.1,0.0,3.0,18,Spurs,9.4,Arsenal,False,3
267,Ismaïla,Sarr,3,6.7,46,792,3,1,5,1,0,6,185.6,105.5,175.0,2.5,8,Crystal Palace,6.865671641791044,Wolves,False,3
225,Reece,James,2,5.6,46,706,1,3,3,2,0,4,200.4,219.1,54.0,6.8,7,Chelsea,8.214285714285715,Burnley,False,3
568,Pedro,Porro Sauceda,2,5.5,46,863,0,2,4,1,0,2,179.2,207.8,25.0,4.0,18,Spurs,8.363636363636363,Arsenal,False,3
348,Joe,Rodon,2,4.1,46,990,2,0,2,0,0,5,298.0,30.6,126.0,4.0,11,Leeds,11.219512195121952,Aston Villa,True,3
384,Cody,Gakpo,3,7.5,46,829,3,2,3,0,0,2,195.8,293.1,273.0,3.2,12,Liverpool,6.133333333333334,Nott'm Forest,True,2
624,Jarrod,Bowen,4,7.7,46,990,3,1,1,0,0,9,224.6,196.3,274.0,2.8,19,West Ham,5.974025974025974,Bournemouth,False,4
253,Dean,Henderson,1,5.0,45,990,0,0,5,1,0,2,214.4,10.0,0.0,4.5,8,Crystal Palace,9.0,Wolves,False,3
407,Matheus,Nunes,2,5.3,45,693,1,2,3,1,0,4,178.4,87.9,26.0,6.0,13,Man City,8.49056603773585,Newcastle,False,2
74,Adrien,Truffert,2,4.5,45,962,0,1,4,2,0,6,207.8,156.6,31.0,3.2,4,Bournemouth,10.0,West Ham,True,2
612,Lucas,Tolentino Coelho de Lima,3,5.9,45,959,3,1,1,5,0,5,263.0,248.9,135.0,4.0,19,West Ham,7.627118644067796,Bournemouth,False,4
408,Rúben,dos Santos Gato Alves Dias,2,5.5,45,905,0,0,5,0,0,1,210.6,34.9,14.0,4.5,13,Man City,8.181818181818182,Newcastle,False,2
582,Mohammed,Kudus,3,6.5,45,875,1,5,4,3,0,4,206.4,264.1,192.0,1.5,18,Spurs,6.923076923076923,Arsenal,False,3
16,Bukayo,Saka,3,10.1,45,681,3,0,5,0,0,5,194.2,257.3,229.0,6.2,1,Arsenal,4.455445544554456,Spurs,True,1
683,Omar,Alderete,2,4.1,45,667,1,1,3,1,0,4,228.4,38.6,77.0,1.5,17,Sunderland,10.975609756097562,Fulham,False,4
178,Danny,Welbeck,4,6.5,45,709,6,0,2,2,0,6,226.4,114.1,190.0,6.8,6,Brighton,6.923076923076923,Brentford,True,3
597,Richarlison,de Andrade,4,6.4,44,631,4,2,2,2,0,7,191.4,65.6,253.0,3.0,18,Spurs,6.875,Arsenal,False,3
418,Jérémy,Doku,3,6.4,44,617,1,4,4,0,0,6,190.2,299.0,230.0,3.8,13,Man City,6.875,Newcastle,False,2
387,Dominik,Szoboszlai,3,6.6,44,990,1,1,3,4,0,7,254.8,295.8,120.0,4.2,12,Liverpool,6.666666666666667,Nott'm Forest,True,2
419,Jack,Grealish,3,6.8,43,826,1,4,3,3,0,7,244.6,317.5,244.0,1.5,9,Everton,6.323529411764706,Man Utd,False,4
291,James,Tarkowski,2,5.4,43,990,0,0,3,2,0,1,260.4,74.4,70.0,2.8,9,Everton,7.962962962962963,Man Utd,False,4
37,Lucas,Digne,2,4.5,42,817,0,3,4,2,0,0,161.4,181.5,58.0,5.2,2,Aston Villa,9.333333333333334,Leeds,False,3
287,Jordan,Pickford,1,5.5,42,990,0,0,3,0,0,3,282.2,0.1,0.0,3.0,9,Everton,7.636363636363637,Man Utd,False,4
302,Idrissa Gana,Gueye,3,5.4,42,949,2,0,3,0,0,3,174.4,107.1,110.0,4.5,9,Everton,7.777777777777778,Man Utd,False,4
303,James,Garner,3,5.0,42,990,1,1,3,4,0,5,239.4,196.5,95.0,2.2,9,Everton,8.4,Man Utd,False,4
350,Brenden,Aaronson,3,5.4,41,709,1,3,2,1,0,3,152.0,159.5,154.0,5.5,11,Leeds,7.592592592592592,Aston Villa,True,3
532,Trai,Hume,2,4.5,41,978,0,1,4,1,0,2,153.0,126.1,48.0,3.8,17,Sunderland,9.11111111111111,Fulham,False,4
560,Wilson,Isidor,4,5.6,41,670,4,0,3,0,0,7,137.6,13.8,228.0,3.2,17,Sunderland,7.321428571428572,Fulham,False,4
517,Elliot,Anderson,3,5.3,41,990,1,1,0,2,0,1,236.0,281.8,94.0,4.8,16,Nott'm Forest,7.735849056603774,Liverpool,False,4
266,Eberechi,Eze,3,7.6,41,700,1,3,6,0,0,3,127.0,104.9,202.0,4.8,1,Arsenal,5.394736842105264,Spurs,True,1
373,Virgil,van Dijk,2,5.9,41,990,0,0,3,2,0,4,317.2,45.8,62.0,3.0,12,Liverpool,6.949152542372881,Nott'm Forest,True,2
120,Kevin,Schade,3,7.0,40,920,3,2,2,4,0,2,190.8,152.0,251.0,5.5,5,Brentford,5.714285714285714,Brighton,False,3
714,Nick,Woltemade,4,7.4,40,613,4,1,4,0,0,6,151.8,64.4,166.0,4.0,15,Newcastle,5.405405405405405,Man City,True,2
67,Đorđe,Petrović,1,4.5,40,990,0,0,4,1,0,1,276.4,0.0,0.0,3.2,4,Bournemouth,8.88888888888889,West Ham,True,2
20,Leandro,Trossard,3,6.9,40,642,2,2,4,0,0,4,147.0,157.0,174.0,7.0,1,Arsenal,5.797101449275362,Spurs,True,1
151,Jan Paul,van Hecke,2,4.4,40,990,1,0,2,3,0,4,320.4,43.3,101.0,4.5,6,Brighton,9.09090909090909,Brentford,True,3
660,Anton,Stach,3,4.9,40,798,1,2,2,1,0,3,159.2,235.3,101.0,1.8,11,Leeds,8.16326530612245,Aston Villa,True,3
324,Alex,Iwobi,3,6.5,40,899,1,2,2,2,0,5,176.4,300.3,98.0,2.5,10,Fulham,6.153846153846154,Sunderland,True,3
32,Emiliano,Martínez Romero,1,5.0,40,810,0,0,3,1,0,3,179.8,3.0,0.0,6.2,2,Aston Villa,8.0,Leeds,False,3
515,Morgan,Gibbs-White,3,7.3,40,906,2,1,0,0,0,4,154.4,202.3,225.0,5.5,16,Nott'm Forest,5.47945205479452,Liverpool,False,4
50,Emiliano,Buendía Stati,3,5.3,39,435,3,2,2,2,0,7,180.6,112.7,111.0,5.5,2,Aston Villa,7.358490566037736,Leeds,False,3
661,Hugo,Ekitiké,4,8.6,39,630,3,1,3,0,0,7,155.6,82.8,136.0,1.5,12,Liverpool,4.534883720930233,Nott'm Forest,True,2
374,Ibrahima,Konaté,2,5.4,39,922,0,0,3,2,0,3,229.0,73.1,33.0,3.8,12,Liverpool,7.222222222222221,Nott'm Forest,True,2
6,William,Saliba,2,6.0,39,724,0,0,5,0,0,1,169.6,34.1,16.0,3.5,1,Arsenal,6.5,Spurs,True,1
228,Malo,Gusto,2,4.9,39,549,1,1,4,0,1,3,113.6,105.6,59.0,6.0,7,Chelsea,7.959183673469387,Burnley,False,3
83,Dango,Ouattara,3,6.0,39,640,2,2,2,2,0,4,108.6,60.2,250.0,5.0,5,Brentford,6.5,Brighton,False,3
436,Matthijs,de Ligt,2,5.0,39,990,1,0,1,0,0,5,242.8,44.5,81.0,3.2,14,Man Utd,7.8,Everton,True,3
317,Joachim,Andersen,2,4.5,39,851,0,0,2,0,0,2,232.6,31.3,47.0,2.5,10,Fulham,8.666666666666666,Sunderland,True,3
493,Sean,Longstaff,3,4.9,38,787,1,2,1,1,0,4,215.6,296.2,50.0,2.5,11,Leeds,7.755102040816326,Aston Villa,True,3
593,Pape Matar,Sarr,3,4.8,37,570,2,2,3,0,0,0,139.6,67.0,77.0,3.2,18,Spurs,7.708333333333334,Arsenal,False,3
220,Robert,Lynch Sánchez,1,4.8,37,904,0,0,5,1,1,1,158.4,20.0,0.0,4.5,7,Chelsea,7.708333333333334,Burnley,False,3
477,Tino,Livramento,2,4.9,37,526,0,1,5,0,0,3,71.4,56.3,16.0,0.0,15,Newcastle,7.551020408163264,Man City,True,2
452,Amad,Diallo,3,6.3,37,753,1,3,2,1,0,5,189.6,204.3,156.0,5.8,14,Man Utd,5.8730158730158735,Everton,True,3
666,Viktor,Gyökeres,4,8.9,37,801,4,0,5,1,0,4,158.6,106.9,312.0,2.8,1,Arsenal,4.157303370786517,Spurs,True,1
85,Tyler,Adams,3,5.0,37,953,1,1,4,4,0,1,203.8,61.0,88.0,4.8,4,Bournemouth,7.4,West Ham,True,2
489,Jacob,Murphy,3,6.1,36,566,2,1,4,0,0,2,141.8,110.3,223.0,4.8,15,Newcastle,5.901639344262295,Man City,True,2
90,Alex,Scott,3,5.0,36,727,1,1,4,1,0,2,136.6,111.4,52.0,3.0,4,Bournemouth,7.2,West Ham,True,2
192,Quilindschy,Hartman,2,4.0,36,977,0,4,2,1,0,0,242.4,176.3,36.0,3.8,3,Burnley,9.0,Chelsea,True,4
173,Mats,Wieffer,3,4.9,36,639,0,3,2,3,0,2,166.6,110.8,57.0,6.0,6,Brighton,7.346938775510203,Brentford,True,3
47,Morgan,Rogers,3,6.8,35,976,1,2,4,2,0,0,143.4,154.4,152.0,3.2,2,Aston Villa,5.147058823529412,Leeds,False,3
242,Kiernan,Dewsbury-Hall,3,4.9,35,885,1,2,3,5,0,4,144.6,271.1,86.0,3.8,9,Everton,7.142857142857142,Man Utd,False,4
585,Rodrigo,Bentancur,3,5.3,35,655,1,1,2,1,0,3,144.6,78.4,57.0,5.2,18,Spurs,6.60377358490566,Arsenal,False,3
470,Martin,Dúbravka,1,4.0,35,990,0,0,2,0,0,2,344.4,0.0,0.0,3.8,3,Burnley,8.75,Chelsea,True,4
648,Marshall,Munetsi,3,5.4,35,802,1,2,0,2,0,1,159.4,59.6,169.0,4.0,20,Wolves,6.481481481481481,Crystal Palace,True,4
329,Harry,Wilson,3,5.2,34,652,2,1,2,1,0,4,131.6,129.3,135.0,3.2,10,Fulham,6.538461538461538,Sunderland,True,3
110,Michael,Kayode,2,4.5,34,952,0,1,2,1,0,5,193.4,202.9,21.0,3.8,5,Brentford,7.555555555555555,Brighton,False,3
569,Cristian,Romero,2,5.0,34,747,0,1,3,4,0,3,178.0,30.2,73.0,0.5,18,Spurs,6.8,Arsenal,False,3
547,Enzo,Le Fée,3,4.9,34,692,1,1,2,1,0,3,160.0,147.9,49.0,3.5,17,Sunderland,6.938775510204081,Fulham,False,4
113,Sepp,van den Berg,2,4.5,34,990,0,0,2,0,0,0,224.6,16.1,148.0,3.5,5,Brentford,7.555555555555555,Brighton,False,3
553,Chemsdine,Talbi,3,5.0,34,587,1,2,4,0,0,2,83.6,90.7,78.0,3.5,17,Sunderland,6.8,Fulham,False,4
403,Joško,Gvardiol,2,5.8,34,609,0,1,3,0,0,3,133.0,47.4,33.0,2.5,13,Man City,5.862068965517242,Newcastle,False,2
314,Bernd,Leno,1,5.0,34,990,0,0,2,1,0,2,265.4,0.0,0.0,3.5,10,Fulham,6.8,Sunderland,True,3
427,Tijjani,Reijnders,3,5.5,34,757,1,2,3,2,0,2,139.4,164.2,163.0,0.8,13,Man City,6.181818181818182,Newcastle,False,2
442,Harry,Maguire,2,4.4,33,341,1,1,2,0,0,3,86.8,16.3,40.0,4.2,14,Man Utd,7.499999999999999,Everton,True,3
129,Yehor,Yarmoliuk,3,5.0,33,868,0,1,2,1,0,0,141.2,101.4,43.0,2.5,5,Brentford,6.6,Brighton,False,3
121,Mikkel,Damsgaard,3,5.8,33,715,1,1,2,0,0,3,161.4,239.4,86.0,3.5,5,Brentford,5.689655172413794,Brighton,False,3
38,Ezri,Konsa Ngoyo,2,4.4,33,875,0,0,4,0,1,0,178.2,27.4,33.0,4.2,2,Aston Villa,7.499999999999999,Leeds,False,3
491,Sandro,Tonali,3,5.4,32,869,0,1,5,0,0,1,154.8,220.8,92.0,2.2,15,Newcastle,5.925925925925926,Man City,True,2
106,Nathan,Collins,2,4.9,32,990,0,0,2,4,0,2,231.0,36.0,114.0,3.5,5,Brentford,6.530612244897958,Brighton,False,3
101,Caoimhín,Kelleher,1,4.5,32,990,0,0,2,1,0,0,211.2,10.0,0.0,2.8,5,Brentford,7.111111111111111,Brighton,False,3
676,Lesley,Ugochukwu,3,5.0,32,588,2,1,2,0,1,3,129.2,31.4,90.0,4.8,3,Burnley,6.4,Chelsea,True,4
669,Dan,Ndoye,3,5.7,32,755,1,2,0,1,0,4,116.4,121.2,106.0,2.0,16,Nott'm Forest,5.614035087719298,Liverpool,False,4
53,Donyell,Malen,3,5.1,32,332,3,0,0,0,0,3,113.6,47.2,126.0,2.5,2,Aston Villa,6.274509803921569,Leeds,False,3
271,Daichi,Kamada,3,5.0,32,758,0,2,4,0,0,0,80.8,111.7,58.0,3.0,8,Crystal Palace,6.4,Wolves,False,3
573,Djed,Spence,2,4.5,31,758,0,0,4,2,0,0,92.0,56.5,34.0,2.5,18,Spurs,6.888888888888889,Arsenal,False,3
681,Benjamin,Sesko,4,7.3,31,616,2,1,1,1,0,5,122.6,97.8,221.0,2.0,14,Man Utd,4.2465753424657535,Everton,True,3
414,Phil,Foden,3,8.0,31,711,1,1,5,3,0,2,141.6,352.1,103.0,2.8,13,Man City,3.875,Newcastle,False,2
475,Sven,Botman,2,4.9,31,642,0,0,3,0,0,4,159.4,35.0,43.0,1.2,15,Newcastle,6.326530612244897,Man City,True,2
736,Gianluigi,Donnarumma,1,5.7,31,720,0,0,4,2,0,0,100.4,0.0,0.0,4.0,13,Man City,5.43859649122807,Newcastle,False,2
603,El Hadji Malick,Diouf,2,4.3,31,945,0,4,1,1,0,1,205.4,137.0,43.0,1.2,19,West Ham,7.209302325581396,Bournemouth,False,4
685,Bafodé,Diakité,2,4.5,30,720,0,0,3,1,0,2,161.4,38.3,12.0,1.0,4,Bournemouth,6.666666666666667,West Ham,True,2
54,John,McGinn,3,5.4,30,837,1,0,5,1,0,0,135.6,208.8,68.0,2.2,2,Aston Villa,5.555555555555555,Leeds,False,3
158,Georginio,Rutter,3,5.7,30,678,0,3,4,2,0,1,97.6,112.4,101.0,3.5,6,Brighton,5.263157894736842,Brentford,True,3
478,Kieran,Trippier,2,5.0,30,699,0,0,4,1,0,2,113.0,230.7,4.0,0.8,15,Newcastle,6.0,Man City,True,2
100,Junior,Kroupi,4,4.6,30,251,4,0,1,1,0,4,142.4,30.1,136.0,5.2,4,Bournemouth,6.521739130434783,West Ham,True,2
187,Kyle,Walker,2,4.4,29,990,0,1,2,3,0,3,189.2,52.4,14.0,4.5,3,Burnley,6.59090909090909,Chelsea,True,4
238,Estêvão,Almeida de Oliveira Gonçalves,3,6.5,29,337,1,3,2,2,0,2,103.0,112.4,166.0,2.2,7,Chelsea,4.461538461538462,Burnley,False,3
124,Jordan,Henderson,3,5.0,29,829,0,2,3,3,0,2,130.6,161.3,15.0,1.8,5,Brentford,5.8,Brighton,False,3
698,Noah,Okafor,3,5.5,29,515,2,1,1,2,0,3,116.8,74.9,121.0,2.0,11,Leeds,5.2727272727272725,Aston Villa,True,3
166,Yasin,Ayari,3,4.9,29,871,1,0,2,0,0,2,130.4,134.3,107.0,2.2,6,Brighton,5.918367346938775,Brentford,True,3
146,Lewis,Dunk,2,4.5,29,990,0,1,2,3,0,0,168.6,23.9,49.0,3.5,6,Brighton,6.444444444444445,Brentford,True,3
191,Maxime,Estève,2,4.0,28,982,0,0,2,0,0,0,217.2,39.0,38.0,3.2,3,Burnley,7.0,Chelsea,True,4
169,Diego,Gómez Amarilla,3,4.9,28,538,2,0,2,2,0,3,168.0,119.0,176.0,5.2,6,Brighton,5.7142857142857135,Brentford,True,3
708,Mateus Gonçalo,Espanha Fernandes,3,5.5,28,642,1,1,1,1,0,2,149.4,167.9,39.0,3.8,19,West Ham,5.090909090909091,Bournemouth,False,4
423,Nico,González Iglesias,3,5.9,28,644,1,0,4,3,0,1,160.2,96.8,38.0,4.2,13,Man City,4.745762711864407,Newcastle,False,2
443,Luke,Shaw,2,4.5,28,933,0,1,2,0,0,0,155.0,45.1,5.0,3.2,14,Man Utd,6.222222222222222,Everton,True,3
318,Calvin,Bassey,2,4.5,28,908,0,0,2,3,0,3,166.8,28.5,13.0,2.5,10,Fulham,6.222222222222222,Sunderland,True,3
293,Jake,O'Brien,2,4.9,28,868,0,0,2,0,0,1,141.0,74.3,48.0,1.2,9,Everton,5.7142857142857135,Man Utd,False,4
342,Jayden,Bogle,2,4.5,28,958,0,1,2,2,0,0,137.4,68.0,77.0,1.2,11,Leeds,6.222222222222222,Aston Villa,True,3
580,Brennan,Johnson,3,6.7,28,467,2,0,3,2,0,2,117.8,68.9,64.0,1.5,18,Spurs,4.17910447761194,Arsenal,False,3
217,Lyle,Foster,4,5.0,28,578,2,1,2,2,0,4,117.2,76.5,84.0,1.8,3,Burnley,5.6,Chelsea,True,4
722,Florentino Ibrain,Morris Luís,3,5.0,28,657,0,1,1,1,0,0,159.6,74.8,31.0,4.0,3,Burnley,5.6,Chelsea,True,4
64,Ollie,Watkins,4,8.5,27,866,1,0,5,0,0,2,70.4,93.6,218.0,1.8,2,Aston Villa,3.176470588235294,Leeds,False,3
233,Josh,Acheampong,2,3.9,27,348,1,0,2,0,0,5,88.4,8.5,60.0,4.0,7,Chelsea,6.923076923076923,Burnley,False,3
330,Sander,Berge,3,4.9,27,958,0,1,2,2,0,0,119.4,111.9,29.0,2.8,10,Fulham,5.5102040816326525,Sunderland,True,3
347,Gabriel,Gudmundsson,2,4.0,27,911,0,0,2,1,0,6,179.4,176.7,55.0,1.0,11,Leeds,6.75,Aston Villa,True,3
332,Saša,Lukić,3,5.0,27,677,1,2,1,5,0,2,125.2,219.7,71.0,2.2,10,Fulham,5.4,Sunderland,True,3
613,Tomáš,Souček,3,5.7,26,422,2,1,1,0,1,3,134.8,18.7,176.0,5.5,19,West Ham,4.56140350877193,Bournemouth,False,4
322,Kenny,Tete,2,4.5,26,720,0,0,2,1,0,0,149.6,69.9,43.0,2.8,10,Fulham,5.777777777777778,Sunderland,True,3
450,Matheus,Santos Carneiro da Cunha,3,7.9,26,683,1,0,1,0,0,1,132.2,148.0,177.0,4.2,14,Man Utd,3.291139240506329,Everton,True,3
273,Adam,Wharton,3,5.0,26,696,0,1,3,1,0,2,93.8,224.8,15.0,1.8,8,Crystal Palace,5.2,Wolves,False,3
552,Noah,Sadiki,3,5.0,26,983,0,0,4,4,0,0,114.8,129.2,23.0,3.0,17,Sunderland,5.2,Fulham,False,4
684,Malick,Thiaw,2,4.9,26,632,0,0,2,1,0,2,147.4,21.0,62.0,1.8,15,Newcastle,5.306122448979592,Man City,True,2
139,Bart,Verbruggen,1,4.4,26,990,0,0,2,0,0,0,218.8,10.0,0.0,3.8,6,Brighton,5.909090909090908,Brentford,True,3
643,André,Trindade da Costa Neto,3,5.3,25,703,0,0,0,3,0,1,95.6,41.8,7.0,2.0,20,Wolves,4.716981132075472,Crystal Palace,True,4
215,Zian,Flemming,4,5.3,25,343,3,0,1,2,0,3,129.8,31.2,105.0,5.2,3,Burnley,4.716981132075472,Chelsea,True,4
474,Fabian,Schär,2,5.4,25,424,0,0,3,0,0,0,112.0,27.0,17.0,0.5,15,Newcastle,4.62962962962963,Man City,True,2
97,Francisco Evanilson,de Lima Barbosa,4,7.0,25,721,1,1,3,1,0,2,59.0,120.4,190.0,0.8,4,Bournemouth,3.571428571428572,West Ham,True,2
525,Chris,Wood,4,7.2,25,538,2,0,1,0,0,3,77.6,49.6,179.0,0.2,16,Nott'm Forest,3.4722222222222223,Liverpool,False,4
337,Raúl,Jiménez Rodríguez,4,6.2,25,449,1,2,1,0,0,1,77.6,49.4,157.0,3.2,10,Fulham,4.032258064516129,Sunderland,True,3
691,Dominic,Calvert-Lewin,4,5.5,25,614,1,1,2,0,0,2,62.8,111.6,197.0,1.8,11,Leeds,4.545454545454546,Aston Villa,True,3
343,Pascal,Struijk,2,4.4,25,728,0,0,2,1,0,2,156.0,31.2,59.0,0.2,11,Leeds,5.681818181818182,Aston Villa,True,3
386,Alexis,Mac Allister,3,6.3,25,637,0,2,2,1,0,0,100.6,137.8,46.0,2.5,12,Liverpool,3.968253968253968,Nott'm Forest,True,2
416,Bernardo,Mota Veiga de Carvalho e Silva,3,6.3,25,640,0,2,3,2,0,0,106.8,178.6,24.0,2.5,13,Man City,3.968253968253968,Newcastle,False,2
636,Santiago,Ignacio Bueno,2,4.4,25,664,1,1,0,2,0,2,190.6,48.2,68.0,2.0,20,Wolves,5.681818181818182,Crystal Palace,True,4
41,Pau,Torres,2,4.3,25,597,0,0,2,0,0,2,126.8,11.5,15.0,4.2,2,Aston Villa,5.813953488372094,Leeds,False,3
586,Lucas,Bergvall,3,5.4,24,409,1,1,2,1,0,0,92.2,41.6,93.0,0.8,18,Spurs,4.444444444444444,Arsenal,False,3
40,Tyrone,Mings,2,4.4,24,497,0,0,2,0,0,1,120.2,44.6,25.0,0.2,2,Aston Villa,5.454545454545454,Leeds,False,3
59,Amadou,Onana,3,4.8,24,485,1,0,3,2,0,1,146.0,35.2,25.0,4.2,2,Aston Villa,5.0,Leeds,False,3
453,Alejandro,Garnacho Ferreyra,3,6.4,24,342,1,2,2,0,0,2,95.4,90.4,147.0,5.2,7,Chelsea,3.75,Burnley,False,3
487,Harvey,Barnes,3,6.3,24,464,1,0,2,0,0,2,69.2,114.4,123.0,3.0,15,Newcastle,3.8095238095238098,Man City,True,2
646,João Victor,Gomes da Silva,3,5.3,24,835,0,0,1,3,0,0,121.0,111.9,35.0,1.5,20,Wolves,4.528301886792453,Crystal Palace,True,4
354,Ethan,Ampadu,3,4.9,24,787,0,0,1,3,0,0,124.2,74.6,21.0,2.2,11,Leeds,4.897959183673469,Aston Villa,True,3
22,Mikel,Merino Zazón,3,5.9,23,413,1,1,2,0,0,0,98.4,74.5,84.0,2.0,1,Arsenal,3.8983050847457625,Spurs,True,1
584,Mathys,Tel,3,6.3,23,246,2,0,1,0,0,2,75.2,10.1,59.0,2.0,18,Spurs,3.6507936507936503,Arsenal,False,3
502,Matz,Sels,1,4.8,23,990,0,0,0,1,0,0,269.6,0.0,0.0,2.0,16,Nott'm Forest,4.791666666666667,Liverpool,False,4
365,Lukas,Nmecha,4,5.0,23,272,2,0,1,0,0,2,85.2,13.7,103.0,2.8,11,Leeds,4.6,Aston Villa,True,3
58,Boubacar,Kamara,3,4.9,23,644,0,2,3,3,0,1,147.8,110.1,31.0,2.0,2,Aston Villa,4.693877551020408,Leeds,False,3
444,Leny,Yoro,2,4.4,23,638,0,1,1,0,0,1,107.4,24.6,24.0,0.8,14,Man Utd,5.227272727272727,Everton,True,3
615,Crysencio,Summerville,3,5.5,23,639,0,3,0,3,0,0,77.8,84.5,100.0,2.2,19,West Ham,4.181818181818182,Bournemouth,False,4
671,Callum,Wilson,4,5.8,22,365,2,0,1,0,0,3,89.6,27.8,165.0,2.8,19,West Ham,3.793103448275862,Bournemouth,False,4
455,Mason,Mount,3,5.9,22,349,1,0,3,0,0,2,64.0,89.6,67.0,1.0,14,Man Utd,3.7288135593220337,Everton,True,3
440,Diogo,Dalot Teixeira,2,4.4,22,592,0,2,1,0,0,0,101.4,128.7,27.0,1.5,14,Man Utd,5.0,Everton,True,3
516,Callum,Hudson-Odoi,3,5.8,22,567,1,0,0,0,0,3,105.0,212.9,105.0,1.0,16,Nott'm Forest,3.793103448275862,Liverpool,False,4
210,Loum,Tchaouna,3,4.9,22,435,1,1,1,1,0,0,58.6,35.0,44.0,2.2,3,Burnley,4.489795918367347,Chelsea,True,4
148,Ferdi,Kadıoğlu,2,4.4,22,734,0,0,2,3,0,0,116.4,76.7,45.0,3.2,6,Brighton,5.0,Brentford,True,3
272,Jefferson,Lerma Solís,3,4.9,21,360,0,2,3,2,0,1,62.0,56.9,60.0,3.2,8,Crystal Palace,4.285714285714286,Wolves,False,3
311,Norberto Bercique,Gomes Betuncal,4,5.2,21,606,1,0,1,1,0,1,78.6,47.9,217.0,1.5,9,Everton,4.038461538461538,Man Utd,False,4
659,Kyle,Walker-Peters,2,4.3,21,465,1,0,1,1,0,0,103.8,49.3,67.0,2.5,19,West Ham,4.883720930232558,Bournemouth,False,4
371,Milos,Kerkez,2,5.7,21,694,1,0,1,3,0,0,142.6,89.5,63.0,2.0,12,Liverpool,3.684210526315789,Nott'm Forest,True,2
633,Hugo,Bueno López,2,4.4,21,792,0,0,1,1,0,2,187.4,256.6,67.0,1.0,20,Wolves,4.7727272727272725,Crystal Palace,True,4
490,Joelinton Cássio,Apolinário de Lira,3,5.9,21,649,0,0,3,2,0,0,71.0,84.5,107.0,2.0,15,Newcastle,3.559322033898305,Man City,True,2
207,Hannibal,Mejbri,3,4.8,21,287,0,2,1,1,0,0,42.8,59.8,20.0,2.2,3,Burnley,4.375,Chelsea,True,4
86,David,Brooks,3,5.0,21,549,0,1,3,3,0,1,76.8,134.4,129.0,0.8,4,Bournemouth,4.2,West Ham,True,2
126,Mathias,Jensen,3,4.9,21,214,2,0,0,0,0,0,103.6,56.4,40.0,2.2,5,Brentford,4.285714285714286,Brighton,False,3
107,Keane,Lewis-Potter,2,4.9,21,446,0,1,2,1,0,0,61.8,75.8,24.0,1.2,5,Brentford,4.285714285714286,Brighton,False,3
654,Jørgen,Strand Larsen,4,6.3,21,707,1,0,2,0,0,0,60.4,61.6,163.0,3.0,20,Wolves,3.333333333333333,Crystal Palace,True,4
508,Neco,Williams,2,4.7,20,990,1,0,0,4,0,2,223.0,153.0,109.0,1.2,16,Nott'm Forest,4.25531914893617,Liverpool,False,4
605,Maximilian,Kilman,2,4.3,20,990,0,0,1,3,0,0,245.8,42.5,45.0,1.8,19,West Ham,4.651162790697675,Bournemouth,False,4
190,Hjalmar,Ekdal,2,4.0,20,533,0,0,1,0,0,1,130.2,26.4,61.0,0.2,3,Burnley,5.0,Chelsea,True,4
385,Federico,Chiesa,3,6.4,20,117,2,1,0,1,0,0,98.0,16.7,62.0,1.5,12,Liverpool,3.125,Nott'm Forest,True,2
417,Rayan,Cherki,3,6.3,20,213,1,2,0,0,0,2,100.2,99.8,55.0,3.2,13,Man City,3.174603174603175,Newcastle,False,2
157,Mitoma,Kaoru,3,6.2,20,508,1,1,1,1,0,0,88.4,95.8,88.0,0.0,6,Brighton,3.225806451612903,Brentford,True,3
717,Xavi,Simons,3,6.7,20,530,0,1,2,2,0,0,75.2,111.0,39.0,2.5,18,Spurs,2.985074626865672,Arsenal,False,3
366,Alisson,Becker,1,5.4,20,540,0,0,2,0,0,2,106.8,0.1,0.0,0.0,12,Liverpool,3.7037037037037033,Nott'm Forest,True,2
663,Jhon,Arias,3,5.1,19,545,0,0,1,0,0,1,83.4,153.9,80.0,1.2,20,Wolves,3.725490196078432,Crystal Palace,True,4
162,Brajan,Gruda,3,5.4,19,218,1,1,0,0,0,2,74.0,56.3,94.0,0.0,6,Brighton,3.518518518518518,Brentford,True,3
588,Wilson,Odobert,3,5.3,19,376,0,1,0,0,0,3,62.8,97.2,88.0,2.5,18,Spurs,3.5849056603773586,Arsenal,False,3
382,Florian,Wirtz,3,8.0,19,686,0,0,2,1,0,0,75.8,230.0,137.0,1.5,12,Liverpool,2.375,Nott'm Forest,True,2
367,Giorgi,Mamardashvili,1,4.3,19,450,0,0,1,0,0,0,140.0,0.0,0.0,4.2,12,Liverpool,4.418604651162791,Nott'm Forest,True,2
335,Josh,King,3,4.5,19,659,0,0,2,2,0,0,71.8,79.1,134.0,1.8,10,Fulham,4.222222222222222,Sunderland,True,3
108,Kristoffer,Ajer,2,4.4,19,388,0,2,1,0,0,0,82.8,14.8,91.0,2.8,5,Brentford,4.3181818181818175,Brighton,False,3
505,Nikola,Milenković,2,5.2,19,990,0,0,0,1,0,0,182.6,26.4,54.0,1.8,16,Nott'm Forest,3.6538461538461537,Liverpool,False,4
424,Oscar,Bobb,3,5.3,18,451,0,1,2,0,0,0,67.6,141.1,72.0,0.8,13,Man City,3.39622641509434,Newcastle,False,2
304,Tim,Iroegbunam,3,4.9,18,337,0,2,4,4,0,0,67.0,20.6,13.0,1.8,9,Everton,3.6734693877551017,Man Utd,False,4
500,William,Osula,4,5.5,18,213,1,1,1,0,0,0,41.2,14.2,68.0,1.5,15,Newcastle,3.272727272727273,Man City,True,2
541,Reinildo,Mandava,2,4.0,18,662,0,0,2,2,1,0,108.4,26.0,19.0,1.0,17,Sunderland,4.5,Fulham,False,4
521,Ibrahim,Sangaré,3,4.9,18,500,1,0,0,2,0,0,98.4,47.2,55.0,1.8,16,Nott'm Forest,3.6734693877551017,Liverpool,False,4
81,Justin,Kluivert,3,7.0,18,392,1,0,1,2,0,1,71.4,112.9,49.0,1.5,4,Bournemouth,2.571428571428572,West Ham,True,2
77,James,Hill,2,4.0,17,273,0,0,2,1,0,0,44.0,5.3,41.0,0.2,4,Bournemouth,4.25,West Ham,True,2
709,Ladislav,Krejcí,2,4.5,17,720,1,1,0,1,0,0,208.0,75.2,112.0,1.2,20,Wolves,3.7777777777777777,Crystal Palace,True,4
338,Rodrigo,Muniz Carvalho,4,5.4,17,348,1,1,1,1,0,3,61.8,42.0,122.0,0.5,10,Fulham,3.148148148148148,Sunderland,True,3
292,Vitalii,Mykolenko,2,4.9,17,715,0,0,1,1,0,0,120.8,62.0,28.0,2.5,9,Everton,3.4693877551020407,Man Utd,False,4
606,Konstantinos,Mavropanos,2,4.4,17,495,0,0,1,1,0,0,128.8,2.7,55.0,0.2,19,West Ham,3.8636363636363633,Bournemouth,False,4
665,Lucas Estella,Perri,1,4.5,17,540,0,0,2,1,0,0,109.6,0.0,0.0,1.2,11,Leeds,3.7777777777777777,Aston Villa,True,3
145,Maxim,De Cuyper,2,4.3,16,411,1,0,0,1,0,1,84.0,84.9,73.0,0.5,6,Brighton,3.72093023255814,Brentford,True,3
561,Eliezer,Mayenda Dossou,4,5.4,16,260,1,0,2,0,0,2,48.2,24.6,52.0,0.5,17,Sunderland,2.962962962962963,Fulham,False,4
19,Gabriel,Martinelli Silva,3,6.8,16,214,1,0,1,0,0,1,51.0,30.6,93.0,0.5,1,Arsenal,2.3529411764705883,Spurs,True,1
87,Ryan,Christie,3,5.0,16,226,1,1,0,1,0,0,69.2,33.0,53.0,2.0,4,Bournemouth,3.2,West Ham,True,2
198,Axel,Tuanzebe,2,3.9,16,450,0,0,1,0,0,0,113.6,4.1,0.0,3.8,3,Burnley,4.102564102564103,Chelsea,True,4
202,Jacob,Bruun Larsen,3,5.3,16,411,0,1,1,0,0,0,49.0,59.9,60.0,1.2,3,Burnley,3.018867924528302,Chelsea,True,4
486,Anthony,Elanga,3,6.7,16,411,0,0,2,0,0,0,44.2,117.2,69.0,1.0,15,Newcastle,2.388059701492537,Man City,True,2
167,Carlos,Baleba,3,4.7,16,644,0,0,4,4,0,0,27.6,47.6,10.0,2.0,6,Brighton,3.404255319148936,Brentford,True,3
733,Senne,Lammens,1,5.0,16,450,0,0,1,0,0,2,110.8,0.0,0.0,1.8,14,Man Utd,3.2,Everton,True,3
441,Patrick,Dorgu,2,4.2,16,622,0,1,1,4,0,0,112.0,124.4,84.0,1.5,14,Man Utd,3.809523809523809,Everton,True,3
415,Sávio,Moreira de Oliveira,3,6.9,16,388,0,1,2,1,0,0,57.4,83.5,136.0,2.2,13,Man City,2.318840579710145,Newcastle,False,2
325,Emile,Smith Rowe,3,5.6,16,216,1,0,0,0,0,0,57.4,58.0,64.0,1.0,10,Fulham,2.857142857142857,Sunderland,True,3
642,Hwang,Hee-chan,3,5.8,16,366,1,0,0,0,0,0,53.2,32.8,51.0,0.8,20,Wolves,2.7586206896551726,Crystal Palace,True,4
44,Lamare,Bogarde,2,4.0,16,291,0,0,1,1,0,3,30.6,32.4,6.0,0.2,2,Aston Villa,4.0,Leeds,False,3
627,Sam,Johnstone,1,4.5,15,630,0,0,0,0,0,0,195.0,0.1,0.0,1.8,20,Wolves,3.333333333333333,Crystal Palace,True,4
410,Rico,Lewis,2,4.8,15,172,0,1,1,0,0,2,47.2,32.2,15.0,0.2,13,Man City,3.125,Newcastle,False,2
375,Conor,Bradley,2,5.0,15,529,0,1,1,4,0,0,75.6,62.8,33.0,3.0,12,Liverpool,3.0,Nott'm Forest,True,2
600,Alphonse,Areola,1,4.3,15,630,0,0,0,0,0,0,187.4,0.0,0.0,2.2,19,West Ham,3.488372093023256,Bournemouth,False,4
170,James,Milner,3,4.9,15,187,1,1,0,1,0,0,79.6,71.2,17.0,1.2,6,Brighton,3.061224489795918,Brentford,True,3
230,Wesley,Fofana,2,4.4,15,307,0,0,2,0,0,0,54.6,7.9,10.0,3.0,7,Chelsea,3.4090909090909087,Burnley,False,3
712,Yéremy,Pino Santos,3,5.8,15,529,0,0,3,2,0,0,52.2,134.3,94.0,1.5,8,Crystal Palace,2.586206896551724,Wolves,False,3
209,Josh,Laurent,3,4.9,15,557,0,0,0,1,0,0,71.0,24.2,32.0,1.0,3,Burnley,3.061224489795918,Chelsea,True,4
232,Tosin,Adarabioyo,2,4.2,14,377,0,0,1,1,0,0,104.6,6.5,11.0,0.8,7,Chelsea,3.333333333333333,Burnley,False,3
270,Will,Hughes,3,4.8,14,446,0,0,3,3,0,0,58.2,99.7,24.0,0.8,8,Crystal Palace,2.916666666666667,Wolves,False,3
497,Lewis,Miley,3,4.4,14,273,0,1,1,0,0,0,45.0,52.3,10.0,1.8,15,Newcastle,3.1818181818181817,Man City,True,2
610,Aaron,Wan-Bissaka,2,4.3,14,561,0,1,0,0,0,0,98.6,76.3,14.0,3.0,19,West Ham,3.255813953488372,Bournemouth,False,4
662,Cristhian,Mosquera,2,5.4,14,294,0,0,1,0,0,1,67.4,13.9,8.0,0.5,1,Arsenal,2.592592592592593,Spurs,True,1
677,Evann,Guessand,3,6.2,14,420,0,0,1,0,0,0,52.2,32.1,65.0,1.2,2,Aston Villa,2.258064516129032,Leeds,False,3
543,Simon,Adingra,3,5.1,14,297,0,1,2,1,0,0,28.4,79.1,8.0,0.2,17,Sunderland,2.7450980392156863,Fulham,False,4
526,Igor Jesus,Maciel da Cruz,4,5.8,14,326,0,1,0,0,0,0,23.8,36.3,107.0,2.0,16,Nott'm Forest,2.413793103448276,Liverpool,False,4
695,Jackson,Tchatchoua,2,4.5,14,517,0,0,0,0,0,0,118.8,93.5,18.0,1.2,20,Wolves,3.111111111111111,Crystal Palace,True,4
506,Murillo,Costa dos Santos,2,5.3,13,649,0,0,0,2,0,0,137.4,15.8,8.0,1.5,16,Nott'm Forest,2.452830188679245,Liverpool,False,4
721,Veljko,Milosavljevic,2,4.5,13,275,0,0,1,0,0,0,72.2,12.1,6.0,2.0,4,Bournemouth,2.888888888888889,West Ham,True,2
123,Fábio,Freitas Gouveia Carvalho,3,4.8,13,100,1,0,0,0,0,1,39.0,6.5,36.0,0.2,5,Brentford,2.708333333333333,Brighton,False,3
459,Manuel,Ugarte Ribeiro,3,4.8,13,299,0,0,0,0,0,0,54.6,26.4,2.0,0.8,14,Man Utd,2.708333333333333,Everton,True,3
693,Omari,Hutchinson,3,5.4,13,128,0,2,0,0,0,1,46.4,88.7,51.0,2.2,16,Nott'm Forest,2.4074074074074074,Liverpool,False,4
388,Curtis,Jones,3,5.4,13,338,0,1,0,1,0,0,59.0,66.3,33.0,0.8,12,Liverpool,2.4074074074074074,Nott'm Forest,True,2
635,Rodrigo,Martins Gomes,2,4.5,13,331,1,0,0,0,0,0,60.2,40.4,103.0,0.8,20,Wolves,2.888888888888889,Crystal Palace,True,4
358,Tanaka,Ao,3,4.8,13,320,0,0,2,0,0,0,19.8,62.4,10.0,1.5,11,Leeds,2.708333333333333,Aston Villa,True,3
17,Martin,Ødegaard,3,7.8,13,201,0,1,1,0,0,0,43.0,65.0,22.0,0.0,1,Arsenal,1.6666666666666667,Spurs,True,1
644,Jean-Ricner,Bellegarde,3,5.2,13,474,0,0,0,1,0,0,49.8,74.2,62.0,1.2,20,Wolves,2.5,Crystal Palace,True,4
735,Bertrand,Traoré,3,5.5,13,358,0,1,1,1,0,0,42.0,59.3,77.0,3.0,17,Sunderland,2.363636363636364,Fulham,False,4
730,Brian,Brobbey,4,5.5,13,106,1,1,0,0,0,0,59.6,10.9,23.0,2.5,17,Sunderland,2.363636363636364,Fulham,False,4
48,Youri,Tielemans,3,5.9,12,334,0,1,1,0,0,0,55.4,84.4,31.0,1.0,2,Aston Villa,2.0338983050847457,Leeds,False,3
716,Nicolò,Savona,2,4.5,12,429,1,0,0,0,0,0,104.0,44.3,43.0,2.8,16,Nott'm Forest,2.6666666666666665,Liverpool,False,4
574,Destiny,Udogie,2,4.4,12,341,0,1,0,0,0,0,77.0,71.7,48.0,1.2,18,Spurs,2.727272727272727,Arsenal,False,3
128,Frank,Onyeka,3,4.9,12,88,0,2,0,0,0,0,28.4,13.6,4.0,0.2,5,Brentford,2.4489795918367343,Brighton,False,3
570,Kevin,Danso,2,4.3,12,257,0,0,1,3,0,1,64.4,3.4,0.0,2.2,18,Spurs,2.7906976744186047,Arsenal,False,3
310,Thierno,Barry,4,5.7,12,380,0,0,2,1,0,0,15.0,34.3,56.0,1.0,9,Everton,2.1052631578947367,Man Utd,False,4
413,Omar,Marmoush,3,8.3,12,178,0,1,0,0,0,2,38.2,37.4,67.0,0.8,13,Man City,1.4457831325301205,Newcastle,False,2
421,Rodrigo 'Rodri',Hernandez Cascante,3,6.3,12,292,0,0,1,0,0,0,50.6,50.9,19.0,0.2,13,Man City,1.9047619047619049,Newcastle,False,2
485,Anthony,Gordon,3,7.4,12,461,0,0,3,0,1,0,40.8,95.8,130.0,1.2,15,Newcastle,1.6216216216216215,Man City,True,2
164,Matt,O'Riley,3,5.5,12,177,1,0,1,0,0,2,60.8,66.6,63.0,0.0,6,Brighton,2.1818181818181817,Brentford,True,3
544,Habib,Diarra,3,5.3,12,345,0,1,2,1,0,0,10.6,31.0,45.0,0.0,17,Sunderland,2.2641509433962264,Fulham,False,4
723,Jaydee,Canvot,2,4.5,11,91,0,0,1,0,0,2,30.4,0.9,8.0,2.8,8,Crystal Palace,2.4444444444444446,Wolves,False,3
235,Cole,Palmer,3,10.3,11,144,1,0,1,0,0,1,44.4,19.2,65.0,0.0,7,Chelsea,1.0679611650485437,Burnley,False,3
402,Rayan,Aït-Nouri,2,5.8,11,203,0,0,1,1,0,1,44.0,27.5,7.0,0.2,13,Man City,1.896551724137931,Newcastle,False,2
372,Andrew,Robertson,2,5.8,11,291,0,0,1,0,0,2,68.4,102.6,47.0,2.2,12,Liverpool,1.896551724137931,Nott'm Forest,True,2
182,James,Trafford,1,4.7,11,270,0,0,1,0,0,0,100.2,0.0,0.0,0.0,13,Man City,2.3404255319148937,Newcastle,False,2
614,James,Ward-Prowse,3,5.6,11,414,0,0,1,0,0,0,56.6,176.3,6.0,0.0,19,West Ham,1.9642857142857144,Bournemouth,False,4
631,Emmanuel,Agbadou,2,4.3,11,560,0,0,0,0,1,0,162.2,39.9,39.0,-0.8,20,Wolves,2.558139534883721,Crystal Palace,True,4
353,Daniel,James,3,5.3,11,284,0,0,1,0,0,0,26.4,83.1,47.0,1.0,11,Leeds,2.0754716981132075,Aston Villa,True,3
409,John,Stones,2,5.4,11,324,0,0,1,0,0,0,69.6,19.3,2.0,0.5,13,Man City,2.0370370370370368,Newcastle,False,2
326,Adama,Traoré Diarra,3,5.2,11,242,0,0,0,0,0,0,19.0,58.9,55.0,1.2,10,Fulham,2.1153846153846154,Sunderland,True,3
406,Abdukodir,Khusanov,2,5.4,11,227,0,0,1,1,0,0,42.4,5.2,0.0,0.0,13,Man City,2.0370370370370368,Newcastle,False,2
352,Jack,Harrison,3,5.2,11,261,0,0,0,0,0,0,30.0,49.4,35.0,1.2,11,Leeds,2.1153846153846154,Aston Villa,True,3
522,Ryan,Yates,3,4.7,11,240,0,1,0,1,0,0,53.0,25.5,21.0,1.8,16,Nott'm Forest,2.3404255319148937,Liverpool,False,4
431,Altay,Bayındır,1,4.8,11,540,0,0,0,0,0,0,118.4,10.0,0.0,0.0,14,Man Utd,2.291666666666667,Everton,True,3
499,Alexander,Isak,4,10.4,10,250,0,1,0,0,0,0,21.8,21.5,50.0,0.5,12,Liverpool,0.9615384615384616,Nott'm Forest,True,2
55,Ross,Barkley,3,4.8,10,80,1,0,0,0,0,0,51.8,29.3,53.0,2.2,2,Aston Villa,2.083333333333333,Leeds,False,3
623,Freddie,Potts,3,4.4,10,282,0,0,0,0,0,0,60.4,78.5,2.0,1.8,19,West Ham,2.2727272727272725,Bournemouth,False,4
625,Niclas,Füllkrug,4,5.6,10,379,0,0,1,0,0,0,24.8,72.3,125.0,0.0,19,West Ham,1.7857142857142858,Bournemouth,False,4
731,Kevin,Santos Lopes de Macedo,3,5.9,10,314,0,0,1,1,0,0,58.2,69.4,47.0,1.8,10,Fulham,1.694915254237288,Sunderland,True,3
438,Noussair,Mazraoui,2,4.9,10,200,0,0,1,1,0,1,41.4,16.9,8.0,0.2,14,Man Utd,2.0408163265306123,Everton,True,3
319,Timothy,Castagne,2,4.4,10,397,0,0,0,0,0,0,68.8,52.5,37.0,0.8,10,Fulham,2.2727272727272725,Sunderland,True,3
341,Karl,Darlow,1,4.0,10,450,0,0,0,0,0,0,105.0,0.0,0.0,0.2,11,Leeds,2.5,Aston Villa,True,3
405,Nathan,Aké,2,5.3,10,201,0,0,1,0,0,0,37.4,24.9,13.0,1.5,13,Man City,1.8867924528301887,Newcastle,False,2
125,Vitaly,Janelt,3,4.9,10,145,0,0,0,0,0,0,22.8,38.0,16.0,1.8,5,Brentford,2.0408163265306123,Brighton,False,3
724,Lutsharel,Geertruida,2,4.5,10,337,0,0,0,0,0,0,73.8,18.4,22.0,1.5,17,Sunderland,2.2222222222222223,Fulham,False,4
180,Stefanos,Tzimas,4,5.3,10,84,0,1,0,0,0,0,28.4,61.2,25.0,1.0,6,Brighton,1.8867924528301887,Brentford,True,3
18,Noni,Madueke,3,6.8,10,304,0,0,2,0,0,0,30.2,111.7,105.0,0.0,1,Arsenal,1.4705882352941178,Spurs,True,1
473,Lewis,Hall,2,5.2,9,146,0,0,1,0,0,1,34.0,5.5,11.0,0.0,15,Newcastle,1.7307692307692306,Man City,True,2
73,Adam,Smith,2,4.4,9,213,0,0,1,0,0,0,17.8,14.0,4.0,0.2,4,Bournemouth,2.0454545454545454,West Ham,True,2
679,Mads,Hermansen,1,4.4,9,360,0,0,1,0,0,0,84.8,0.0,0.0,0.0,19,West Ham,2.0454545454545454,Bournemouth,False,4
686,Rio,Ngumoha,3,4.5,9,30,1,0,0,0,0,0,39.2,22.7,25.0,0.2,12,Liverpool,2.0,Nott'm Forest,True,2
276,Justin,Devenny,3,4.3,9,157,0,0,0,0,0,0,16.2,31.4,73.0,0.2,8,Crystal Palace,2.0930232558139537,Wolves,False,3
239,Jamie,Bynoe-Gittens,3,6.1,9,248,0,0,0,0,0,0,34.2,77.4,51.0,1.0,7,Chelsea,1.475409836065574,Burnley,False,3
720,Tolu,Arokodare,4,5.5,9,208,0,0,0,0,0,0,13.4,16.4,71.0,0.8,20,Wolves,1.6363636363636365,Crystal Palace,True,4
621,Andy,Irving,3,4.4,8,149,0,0,0,0,0,0,29.6,38.3,2.0,1.0,19,West Ham,1.818181818181818,Bournemouth,False,4
331,Tom,Cairney,3,4.9,8,196,0,0,0,1,0,0,14.6,35.1,22.0,1.0,10,Fulham,1.6326530612244896,Sunderland,True,3
682,David,Møller Wolfe,2,4.4,8,149,0,1,0,0,0,0,37.0,20.9,4.0,0.2,20,Wolves,1.818181818181818,Crystal Palace,True,4
713,Álex,Jiménez Sánchez,2,4.5,8,409,0,0,1,4,0,0,63.8,35.0,22.0,1.8,4,Bournemouth,1.7777777777777777,West Ham,True,2
551,Chris,Rigg,3,4.8,8,186,0,0,1,0,0,0,9.0,25.6,7.0,1.0,17,Sunderland,1.6666666666666667,Fulham,False,4
301,Carlos,Alcaraz Durán,3,5.2,8,242,0,0,0,2,0,0,23.2,24.3,51.0,0.8,9,Everton,1.5384615384615383,Man Utd,False,4
284,Eddie,Nketiah,4,5.4,8,107,1,0,0,1,0,0,43.6,45.9,58.0,0.5,8,Crystal Palace,1.4814814814814814,Wolves,False,3
181,Charalampos,Kostoulas,4,4.8,8,29,1,0,0,0,0,0,37.2,0.9,44.0,2.0,6,Brighton,1.6666666666666667,Brentford,True,3
511,Felipe,Rodrigues da Silva,2,4.4,8,438,0,0,0,3,0,0,93.4,5.5,3.0,0.2,16,Nott'm Forest,1.818181818181818,Liverpool,False,4
116,Aaron,Hickey,2,4.0,8,253,0,0,0,1,0,0,24.8,5.6,29.0,0.5,5,Brentford,2.0,Brighton,False,3
697,Amine,Adli,3,5.4,8,210,0,0,0,0,0,0,52.8,52.1,34.0,0.8,4,Bournemouth,1.4814814814814814,West Ham,True,2
25,Ethan,Nwaneri,3,5.1,7,163,0,0,1,0,0,0,8.4,22.4,24.0,0.2,1,Arsenal,1.3725490196078431,Spurs,True,1
645,Fer,López González,3,5.2,7,116,0,1,0,1,0,0,27.0,52.0,32.0,0.2,20,Wolves,1.346153846153846,Crystal Palace,True,4
699,Douglas Luiz,Soares de Paulo,3,5.0,7,185,0,1,0,1,0,0,23.2,46.5,10.0,0.5,16,Nott'm Forest,1.4,Liverpool,False,4
391,Ben,Gannon-Doak,3,4.9,7,53,0,1,0,0,0,0,21.2,14.0,11.0,0.5,4,Bournemouth,1.4285714285714284,West Ham,True,2
152,Joël,Veltman,2,4.3,7,339,0,0,0,3,0,0,69.2,20.5,6.0,0.0,6,Brighton,1.627906976744186,Brentford,True,3
370,Jeremie,Frimpong,2,5.7,7,83,0,1,0,0,0,0,19.4,17.3,29.0,0.2,12,Liverpool,1.2280701754385963,Nott'm Forest,True,2
356,Ilia,Gruev,3,4.8,7,211,0,0,1,1,0,0,25.0,8.9,2.0,0.0,11,Leeds,1.4583333333333337,Aston Villa,True,3
33,Marco,Bizot,1,4.3,7,180,0,0,1,1,0,0,25.4,0.0,0.0,0.0,2,Aston Villa,1.627906976744186,Leeds,False,3
609,Jean-Clair,Todibo,2,4.3,7,486,0,0,0,1,0,0,110.0,16.4,4.0,1.5,19,West Ham,1.627906976744186,Bournemouth,False,4
727,Samuel,Chukwueze,3,5.3,7,77,0,1,0,0,0,0,21.2,26.7,39.0,0.5,10,Fulham,1.3207547169811322,Sunderland,True,3
321,Jorge,Cuenca Barreno,2,4.4,7,168,0,0,0,0,0,0,40.6,4.6,6.0,1.0,10,Fulham,1.5909090909090908,Sunderland,True,3
246,Andrey,Nascimento dos Santos,3,4.5,7,227,0,0,0,2,0,0,26.6,44.1,42.0,0.5,7,Chelsea,1.5555555555555556,Burnley,False,3
252,Marc,Guiu Paz,4,4.2,7,162,0,0,0,0,0,0,1.0,4.3,60.0,1.0,7,Chelsea,1.6666666666666663,Burnley,False,3
458,Kobbie,Mainoo,3,4.7,7,138,0,0,0,0,0,0,29.4,56.6,5.0,0.5,14,Man Utd,1.4893617021276595,Everton,True,3
726,Randal,Kolo Muani,4,6.9,6,189,0,0,1,0,0,0,8.2,22.8,8.0,1.5,18,Spurs,0.8695652173913043,Arsenal,False,3
10,Myles,Lewis-Skelly,2,5.1,6,86,0,0,0,1,0,0,9.8,7.2,4.0,0.5,1,Arsenal,1.1764705882352942,Spurs,True,1
11,Benjamin,White,2,5.3,6,70,0,0,1,0,0,0,15.4,11.3,1.0,0.0,1,Arsenal,1.1320754716981132,Spurs,True,1
351,Wilfried,Gnonto,3,5.2,6,191,0,0,1,1,0,0,15.8,21.4,16.0,0.0,11,Leeds,1.1538461538461535,Aston Villa,True,3
392,Endo,Wataru,3,4.9,6,36,0,1,0,1,0,0,28.8,10.9,0.0,0.0,12,Liverpool,1.2244897959183672,Nott'm Forest,True,2
637,Toti,Gomes,2,4.3,6,525,0,0,0,1,1,0,95.0,57.1,27.0,0.2,20,Wolves,1.3953488372093024,Crystal Palace,True,4
39,Ian,Maatsen,2,4.2,6,169,0,0,0,1,0,0,49.0,78.7,22.0,0.8,2,Aston Villa,1.4285714285714286,Leeds,False,3
109,Rico,Henry,2,4.3,6,189,0,0,0,1,0,0,19.0,14.5,14.0,0.5,5,Brentford,1.3953488372093024,Brighton,False,3
696,Arnaud,Kalimuendo,4,6.0,6,66,0,0,0,0,0,0,2.8,16.4,22.0,0.2,16,Nott'm Forest,1.0,Liverpool,False,4
507,Ola,Aina,2,4.7,6,270,0,0,0,1,0,0,53.8,33.3,11.0,0.0,16,Nott'm Forest,1.276595744680851,Liverpool,False,4
362,Joël,Piroe,4,5.0,6,178,0,0,1,0,0,0,5.4,16.7,77.0,0.5,11,Leeds,1.2,Aston Villa,True,3
250,Liam,Delap,4,6.2,6,154,0,0,1,0,0,0,11.0,7.7,55.0,0.5,7,Chelsea,0.9677419354838708,Burnley,False,3
718,Soungoutou,Magassa,3,5.0,6,189,0,0,0,1,0,0,35.8,7.5,0.0,0.5,19,West Ham,1.2,Bournemouth,False,4
344,Jaka,Bijol,2,3.9,6,261,0,0,0,0,0,0,54.2,11.6,2.0,1.5,11,Leeds,1.5384615384615383,Aston Villa,True,3
628,José,Malheiro de Sá,1,4.3,5,360,0,0,0,0,0,0,44.0,10.0,0.0,0.0,20,Wolves,1.162790697674419,Crystal Palace,True,4
700,Max,Dowman,3,4.3,5,27,0,1,0,0,0,0,1.0,0.8,26.0,0.0,1,Arsenal,1.162790697674419,Spurs,True,1
52,Jacob,Ramsey,3,5.3,5,190,0,0,0,1,0,0,33.4,84.1,11.0,0.8,15,Newcastle,0.9433962264150944,Man City,True,2
638,Ki-Jana,Hoever,2,3.9,5,249,0,0,0,0,0,0,56.4,60.2,13.0,0.8,20,Wolves,1.2820512820512822,Crystal Palace,True,4
88,Lewis,Cook,3,4.9,5,79,0,0,0,0,0,0,13.8,13.1,3.0,1.0,4,Bournemouth,1.020408163265306,West Ham,True,2
734,Dilane,Bakwa,3,6.0,5,172,0,0,0,0,0,0,30.2,73.7,49.0,0.0,16,Nott'm Forest,0.8333333333333334,Liverpool,False,4
12,Oleksandr,Zinchenko,2,4.9,5,253,0,0,0,0,0,0,62.6,52.4,15.0,0.2,16,Nott'm Forest,1.020408163265306,Liverpool,False,4
494,Joe,Willock,3,5.0,5,99,0,0,1,0,0,0,11.2,3.0,6.0,0.2,15,Newcastle,1.0,Man City,True,2
680,Armando,Broja,4,5.2,5,75,0,0,0,0,0,0,8.4,2.4,10.0,0.5,3,Burnley,0.9615384615384616,Chelsea,True,4
389,Harvey,Elliott,3,5.4,4,97,0,0,0,0,0,0,8.6,17.8,18.0,0.0,2,Aston Villa,0.7407407407407407,Leeds,False,3
591,Archie,Gray,3,4.8,4,71,0,0,1,0,0,0,6.0,13.2,2.0,0.0,18,Spurs,0.8333333333333334,Arsenal,False,3
456,Jadon,Sancho,3,5.8,4,87,0,0,0,0,0,0,14.6,29.8,66.0,0.8,2,Aston Villa,0.6896551724137931,Leeds,False,3
376,Joe,Gomez,2,4.9,4,43,0,0,0,0,0,0,14.6,0.8,6.0,0.5,12,Liverpool,0.8163265306122448,Nott'm Forest,True,2
706,James,Justin,2,4.0,4,77,0,0,0,1,0,0,15.4,1.1,2.0,0.2,11,Leeds,1.0,Aston Villa,True,3
426,James,McAtee,3,5.1,4,126,0,0,0,0,0,0,14.0,39.8,6.0,0.0,16,Nott'm Forest,0.7843137254901962,Liverpool,False,4
163,Jack,Hinshelwood,3,5.1,4,107,0,0,0,0,0,0,9.4,2.0,0.0,0.0,6,Brighton,0.7843137254901962,Brentford,True,3
320,Issa,Diop,2,4.4,4,223,0,0,0,1,0,0,34.0,1.7,4.0,0.5,10,Fulham,0.9090909090909092,Sunderland,True,3
466,Joshua,Zirkzee,4,5.8,4,82,0,0,0,0,0,0,13.6,17.1,60.0,0.2,14,Man Utd,0.6896551724137931,Everton,True,3
244,Roméo,Lavia,3,4.9,4,105,0,0,0,0,0,0,9.6,7.5,2.0,0.5,7,Chelsea,0.8163265306122448,Burnley,False,3
728,Merlin,Röhl,3,5.0,4,91,0,0,0,0,0,0,11.4,13.3,7.0,0.8,9,Everton,0.8,Man Utd,False,4
447,Ayden,Heaven,2,3.8,4,28,0,1,0,0,0,0,28.6,10.3,0.0,0.8,14,Man Utd,1.0526315789473684,Everton,True,3
243,Tyrique,George,3,4.9,4,142,0,0,1,2,0,0,8.2,7.0,56.0,0.2,7,Chelsea,0.8163265306122448,Burnley,False,3
527,Taiwo,Awoniyi,4,5.2,4,133,0,0,0,0,0,0,11.8,25.7,39.0,1.0,16,Nott'm Forest,0.7692307692307692,Liverpool,False,4
199,Joe,Worrall,2,3.9,4,19,0,0,0,0,0,0,11.2,0.3,0.0,0.0,3,Burnley,1.0256410256410258,Chelsea,True,4
93,Hamed,Traorè,3,4.5,4,16,0,1,0,0,0,0,21.2,10.0,0.0,0.0,4,Bournemouth,0.8888888888888888,West Ham,True,2
732,Christantus,Uche,4,5.5,3,8,0,0,0,0,0,0,3.4,0.8,19.0,0.2,8,Crystal Palace,0.5454545454545454,Wolves,False,3
719,Victor,Lindelöf,2,4.5,3,21,0,0,0,0,0,0,3.0,0.4,0.0,0.0,2,Aston Villa,0.6666666666666666,Leeds,False,3
619,Luis Guilherme,Lira dos Santos,3,4.9,3,54,0,0,0,0,0,0,1.6,0.6,4.0,0.0,19,West Ham,0.6122448979591836,Bournemouth,False,4
607,Nayef,Aguerd,2,4.4,3,180,0,0,0,0,0,0,39.0,3.9,8.0,0.0,19,West Ham,0.6818181818181818,Bournemouth,False,4
618,Guido,Rodríguez,3,4.8,3,89,0,0,0,0,0,0,3.4,2.5,2.0,0.2,19,West Ham,0.625,Bournemouth,False,4
206,Marcus,Edwards,3,4.7,3,22,0,0,0,0,0,0,3.2,1.4,24.0,0.5,3,Burnley,0.6382978723404255,Chelsea,True,4
197,Oliver,Sonne,2,3.9,3,102,0,0,0,0,0,0,7.6,16.4,6.0,0.0,3,Burnley,0.7692307692307693,Chelsea,True,4
707,Tyler,Dibling,3,5.4,3,62,0,0,0,1,0,0,3.0,1.1,2.0,0.0,9,Everton,0.5555555555555555,Man Utd,False,4
300,Dwight,McNeil,3,5.5,3,51,0,0,0,0,0,0,1.6,11.7,8.0,0.5,9,Everton,0.5454545454545454,Man Utd,False,4
149,Igor Julio,dos Santos de Paulo,2,4.5,3,13,0,0,0,0,0,0,3.0,10.3,0.0,0.5,19,West Ham,0.6666666666666666,Bournemouth,False,4
144,Diego,Coppola,2,4.3,3,17,0,0,0,0,0,0,7.8,0.1,0.0,0.2,6,Brighton,0.6976744186046512,Brentford,True,3
510,Jair,Paula da Cunha Filho,2,4.3,3,90,0,0,0,0,0,0,26.0,0.4,0.0,0.0,16,Nott'm Forest,0.6976744186046512,Liverpool,False,4
672,Jorrel,Hato,2,4.7,3,166,0,0,0,2,0,0,24.0,3.3,6.0,0.0,7,Chelsea,0.6382978723404255,Burnley,False,3
316,Antonee,Robinson,2,4.9,3,61,0,0,0,0,0,0,13.6,22.8,4.0,0.0,10,Fulham,0.6122448979591836,Sunderland,True,3
626,Callum,Marshall,4,4.4,2,58,0,0,0,0,0,0,1.2,0.1,7.0,0.2,19,West Ham,0.4545454545454545,Bournemouth,False,4
549,Dan,Neil,3,4.8,2,2,0,0,0,0,0,0,2.0,0.0,0.0,0.2,17,Sunderland,0.4166666666666667,Fulham,False,4
542,Jenson,Seelt,2,4.0,2,133,0,0,0,0,0,0,33.6,2.4,0.0,0.0,17,Sunderland,0.5,Fulham,False,4
27,Reiss,Nelson,3,4.8,2,16,0,0,0,0,0,0,9.0,2.2,9.0,0.5,5,Brentford,0.4166666666666667,Brighton,False,3
24,Christian,Nørgaard,3,5.2,2,14,0,0,0,0,0,0,6.4,0.1,7.0,0.5,1,Arsenal,0.3846153846153846,Spurs,True,1
632,Matt,Doherty,2,4.4,2,291,0,0,0,3,0,0,49.4,21.8,4.0,0.5,20,Wolves,0.4545454545454545,Crystal Palace,True,4
725,Piero,Hincapié,2,5.4,2,26,0,0,0,0,0,0,0.8,0.6,0.0,0.5,1,Arsenal,0.3703703703703703,Spurs,True,1
294,Séamus,Coleman,2,4.3,2,2,0,0,0,0,0,0,0.0,0.0,0.0,0.0,9,Everton,0.4651162790697674,Man Utd,False,4
172,Tom,Watson,3,4.9,2,40,0,0,0,0,0,0,5.6,1.3,7.0,0.5,6,Brighton,0.4081632653061224,Brentford,True,3
596,Dominic,Solanke-Mitchell,4,7.2,2,31,0,0,0,0,0,0,6.0,0.3,25.0,0.0,18,Spurs,0.2777777777777778,Arsenal,False,3
519,Nicolás,Domínguez,3,5.0,2,110,0,0,0,1,0,0,17.2,45.3,0.0,0.5,16,Nott'm Forest,0.4,Liverpool,False,4
608,Ollie,Scarles,2,4.4,1,69,0,0,0,0,0,0,8.0,1.2,0.0,0.2,19,West Ham,0.2272727272727272,Bournemouth,False,4
702,Bradley,Burrowes,3,4.5,1,16,0,0,0,0,0,0,0.0,0.3,0.0,0.0,2,Aston Villa,0.2222222222222222,Leeds,False,3
30,Kai,Havertz,4,7.3,1,30,0,0,0,0,0,0,2.8,0.8,2.0,0.0,1,Arsenal,0.136986301369863,Spurs,True,1
634,Yerson,Mosquera Valdelamar,2,4.3,1,182,0,0,0,1,0,0,20.2,0.7,21.0,-0.8,20,Wolves,0.2325581395348837,Crystal Palace,True,4
737,Jonah,Kusi-Asare,4,4.5,1,1,0,0,0,0,0,0,0.0,0.0,0.0,0.2,10,Fulham,0.2222222222222222,Sunderland,True,3
346,Sam,Byram,2,3.9,1,7,0,0,0,0,0,0,0.0,0.0,0.0,0.0,11,Leeds,0.2564102564102564,Aston Villa,True,3
285,Odsonne,Édouard,4,5.0,1,2,0,0,0,0,0,0,2.0,0.0,0.0,0.0,8,Crystal Palace,0.2,Wolves,False,3
305,Harrison,Armstrong,3,4.5,1,1,0,0,0,0,0,0,0.0,0.0,0.0,0.0,9,Everton,0.2222222222222222,Man Utd,False,4
422,Mateo,Kovačić,3,5.9,1,4,0,0,0,0,0,0,2.6,0.8,0.0,0.2,13,Man City,0.1694915254237288,Newcastle,False,2
259,Borna,Sosa,2,4.8,1,1,0,0,0,0,0,0,0.0,0.0,0.0,0.2,8,Crystal Palace,0.2083333333333333,Wolves,False,3
269,Romain,Esse,3,4.7,1,24,0,0,0,0,0,0,4.6,0.4,2.0,0.0,8,Crystal Palace,0.2127659574468085,Wolves,False,3
480,Jamaal,Lascelles,2,4.3,1,19,0,0,0,0,0,0,10.2,0.0,7.0,0.0,15,Newcastle,0.2325581395348837,Man City,True,2
221,Filip,Jörgensen,1,4.4,1,84,0,0,0,0,0,0,9.4,0.0,0.0,0.0,7,Chelsea,0.2272727272727272,Burnley,False,3
168,Facundo,Buonanotte,3,4.7,1,45,0,0,0,0,0,0,5.6,25.1,8.0,0.0,7,Chelsea,0.2127659574468085,Burnley,False,3
744,Nehemiah,Oriola,3,4.5,1,1,0,0,0,0,0,0,0.0,0.0,0.0,0.2,6,Brighton,0.2222222222222222,Brentford,True,3
175,Joe,Knight,3,4.5,1,1,0,0,0,0,0,0,0.0,0.0,0.0,0.2,6,Brighton,0.2222222222222222,Brentford,True,3
263,Nathaniel,Clyne,2,3.9,1,4,0,0,0,0,0,0,3.4,0.5,0.0,0.0,8,Crystal Palace,0.2564102564102564,Wolves,False,3
545,Patrick,Roberts,3,5.4,1,27,0,0,0,0,0,0,1.8,7.3,5.0,0.0,17,Sunderland,0.1851851851851851,Fulham,False,4
518,João Pedro,Ferreira da Silva,3,5.4,1,11,0,0,0,0,0,0,5.0,0.5,4.0,0.0,16,Nott'm Forest,0.1851851851851851,Liverpool,False,4
96,Ben,Winterburn,3,4.5,1,6,0,0,0,0,0,0,0.0,0.0,0.0,0.0,4,Bournemouth,0.2222222222222222,West Ham,True,2
195,Lucas,Pires Silva,2,3.9,1,9,0,0,0,0,0,0,4.4,14.5,0.0,0.2,3,Burnley,0.2564102564102564,Chelsea,True,4
122,Antoni,Milambo,3,5.2,1,45,0,0,0,0,0,0,4.0,1.8,0.0,0.0,5,Brentford,0.1923076923076923,Brighton,False,3
98,Enes,Ünal,4,5.4,1,1,0,0,0,0,0,0,0.0,0.0,0.0,0.2,4,Bournemouth,0.1851851851851851,West Ham,True,2
218,Ashley,Barnes,4,4.3,1,7,0,0,0,0,0,0,0.2,0.3,0.0,0.2,3,Burnley,0.2325581395348837,Chelsea,True,4
678,Arthur,Masuaku,2,3.9,1,125,0,0,0,1,0,0,21.8,20.1,7.0,0.0,17,Sunderland,0.2564102564102564,Fulham,False,4
80,Julio,Soler Barreto,2,4.0,1,1,0,0,0,0,0,0,0.0,0.0,0.0,0.0,4,Bournemouth,0.25,West Ham,True,2
656,Saša,Kalajdžić,4,4.9,1,14,0,0,0,0,0,0,1.0,4.3,2.0,0.0,20,Wolves,0.2040816326530612,Crystal Palace,True,4
749,Mateus,Mané,4,4.5,1,20,0,0,0,0,0,0,0.0,10.9,0.0,1.0,20,Wolves,0.2222222222222222,Crystal Palace,True,4
